title,artist,link
Emerging (1987),Paul Furneaux,./record/111442?highlight=*:*
Untitled - Old Woman (1965-1966),Norman Orr,./record/99406?highlight=*:*
Unknown,J Brown,./record/53568?highlight=*:*
Flight Path No 1 (1977),Wilhelmina Barns-Graham CBE HRSA HRSW,./record/19635?highlight=*:*
Untitled (1962),Cant,./record/21763?highlight=*:*
Untitled (2002),Grace Paul,./record/99934?highlight=*:*
Angel with Candelabrum (facing left),Unknown,./record/20543?highlight=*:*
Portrait of a Woman (02 NOV 1953),Elizabeth Blackadder,./record/21407?highlight=*:*
Portrait of a Woman (1958),Andrew Smith,./record/21148?highlight=*:*
Portrait of a Woman (1966),Isobel T Johnstone,./record/21404?highlight=*:*
Sampler (1932),Patty Mitchell,./record/100013?highlight=*:*
Three Views of a Seated Female Nude (1959),William Mackay,./record/21163?highlight=*:*
Fancy Pipe (2006),Michael Hecht,./record/99882?highlight=*:*
Unknown,Unknown,./record/53511?highlight=*:*
Landscape (1957),Sheena McEwan,./record/21010?highlight=*:*
Unknown,Unknown,./record/53510?highlight=*:*
Portrait of a Man in a Flat Cap (1963),John Milligan,./record/21287?highlight=*:*
Still Life with Net and Burning Candle (Circa 1987),Donald Clark,./record/22528?highlight=*:*
Untitled - Older Couple (1983),Kathleen R Greer,./record/99430?highlight=*:*
Reclining Male Nude (1954),Alex Sutherland,./record/21248?highlight=*:*
Untitled - Pensive Girl (1963),Felicity J Bostock,./record/99371?highlight=*:*
Siena (1956),John P Busby,./record/21379?highlight=*:*
Portrait of a Woman (1957),Peter McGinn,./record/21086?highlight=*:*
Portrait of a Woman (1950),Alexander F Mitchell,./record/21055?highlight=*:*
Nude Woman Standing (1961),Rose A. K. Forsyth,./record/122826?highlight=*:*
Frieze from the Temple of Athena Nike (far right) (1827),NA,./record/20628?highlight=*:*
Unknown (1982),Donald Urquhart,./record/99516?highlight=*:*
Summer Fayre,Unknown,./record/22658?highlight=*:*
Untitled (1968),Sheila Wardrope,./record/22495?highlight=*:*
Abstract,V. Constant,./record/111445?highlight=*:*
Portrait of a Man in Red Shirt (1968),Alan T. Johnston,./record/21423?highlight=*:*
Two Men in an Interior (1989),Sean H. Watson,./record/22646?highlight=*:*
Portrait of a Man Seated (1959),C Byron,./record/20914?highlight=*:*
Seated Female Nude (1953),Lilias Stirling,./record/20944?highlight=*:*
Sketches of Five Heads (1959),Denness Morton,./record/20886?highlight=*:*
Abstract with Circles (Circa 1945),Alan Davie,./record/20749?highlight=*:*
Church (1989),Joanne Leonie Milne,./record/21452?highlight=*:*
Placa del Sol (1991),Caroline Conway,./record/21839?highlight=*:*
Jug (1920s),Emma Gillies,./record/53741?highlight=*:*
Hare (1920s),Emma Gillies,./record/122127?highlight=*:*
Standing Male Nude (1959),James C. Y. Gavin,./record/20877?highlight=*:*
Seated Female Nude (1953),Robert L Thomson,./record/21122?highlight=*:*
Leopard (1920s),Emma Gillies,./record/122123?highlight=*:*
Abstract Landscape (Circa 1964),Kirkland Main,./record/21171?highlight=*:*
Food Print (2006),Tomoko Kawanaka,./record/99862?highlight=*:*
Untitled (1965),Julia A M Barnard,./record/99382?highlight=*:*
Self Portrait (1950),William James Laidlaw Baillie,./record/21361?highlight=*:*
Chariot from North Frieze of the Parthenon (1836-1837),NA,./record/20714?highlight=*:*
Standing Man with Scythe (1950s),John Houston,./record/21046?highlight=*:*
Self Portrait (1992),Victoria A. James,./record/22742?highlight=*:*
Standing Female Nude,Alastair Fairweather,./record/50424?highlight=*:*
Pyreneen Vogel (2002),Frances Ryan,./record/21806?highlight=*:*
Untitled,NA,./record/111044?highlight=*:*
Three studies on a pink ground (girl with clasped hands) (1949),Barbara Hepworth,./record/20769?highlight=*:*
Unknown,Unknown,./record/50433?highlight=*:*
Offstage (1957),Alexander S Campbell,./record/123105?highlight=*:*
Untitled (1962),Kathleen Russell,./record/99521?highlight=*:*
Untitled (Unknown),Unknown,./record/21616?highlight=*:*
Untitled (Unknown),Joanne Leonie Milne,./record/21931?highlight=*:*
Seated Figure in Striped Top (Circa 1981),Alastair R. W. Hearsum,./record/22527?highlight=*:*
Seated Female Nude (1955),Eric Ritchie,./record/21194?highlight=*:*
Scissors,Jayne Stokes,./record/22615?highlight=*:*
Standing Male Nude (1952),David Michie,./record/21386?highlight=*:*
Nude Female in Studio (1967),Sylvia M. R. Cameron,./record/122909?highlight=*:*
Unknown (1964),Eleanor Maiden,./record/53584?highlight=*:*
Untitled (1987),Susan Veitch,./record/21898?highlight=*:*
The Etiquette of Landscape and Face: Passage 2 (2015),Leonie Neuweger,./record/53782?highlight=*:*
Spring Board (Circa 1971),Alan Brown,./record/22584?highlight=*:*
Multicoloured Geometric (1971),Jim Hickey,./record/22602?highlight=*:*
Landscape with Orchards (1955),Margaret Proudfoot,./record/21033?highlight=*:*
Untitled (Unknown),Paul Gladston,./record/21729?highlight=*:*
Still Life with Guitar (1962),John Picking,./record/22702?highlight=*:*
Untitled (1960),Robert L Snowden,./record/21542?highlight=*:*
Unknown (1949),James N. Hardie,./record/50531?highlight=*:*
Memory and Process (2015),Callum Watson,./record/53779?highlight=*:*
Unknown (1949),Betty Elston,./record/50582?highlight=*:*
Untitled,Peter Pretsell,./record/99795?highlight=*:*
Step 4 (2013),Maria Hadam,./record/21309?highlight=*:*
Untitled (1983),Robert Rivers,./record/99802?highlight=*:*
Thurs 2nd Sept '82 Along from Rialto (02 Sep 1982),Moira A Edmondston,./record/99431?highlight=*:*
Untitled,Dr Ainslie Yule,./record/99532?highlight=*:*
Untitled (Unknown),Unknown,./record/21856?highlight=*:*
Unknown (Circa 1984),Malcolm Clark,./record/50413?highlight=*:*
Untitled,Unknown,./record/102695?highlight=*:*
Grandmother (1962),John Bellany,./record/21532?highlight=*:*
Man in a Suit Seated on a Stool (1959),Albert Robson,./record/20785?highlight=*:*
Portrait of a Man (1957),Rupert F C Cracknell,./record/21362?highlight=*:*
11. Ann Monotype (1959),Alan M. Alexander,./record/50600?highlight=*:*
Man Against Yellow Wall (1985-1986),Robbie Bushe,./record/21520?highlight=*:*
Portrait of a Woman (1957),Norman E Kirkpatrick,./record/21021?highlight=*:*
The Misadventure (1989),John Brown,./record/21575?highlight=*:*
Two Men on a Train (12 JUN 1948),Marjorie Wallace,./record/20856?highlight=*:*
Two Farmers in the Field (1951),James P W Syme,./record/21262?highlight=*:*
Cheeseplant No. 3,Susan Alexander,./record/50402?highlight=*:*
Standing Male Nude (1959),Gwen Reilly,./record/21151?highlight=*:*
Unknown (1947-1948),Marjorie Wallace,./record/50445?highlight=*:*
Unknown,Unknown,./record/53512?highlight=*:*
Portrait of a Woman (1939-1940),James Gordon,./record/21097?highlight=*:*
Standing Male Nude,R Hardie,./record/21038?highlight=*:*
Untitled (Unknown),Unknown,./record/21556?highlight=*:*
Untitled (Unknown),Unknown,./record/21984?highlight=*:*
Untitled (Unknown),Patrick McKenzie Smith,./record/21613?highlight=*:*
Vojna Tajna (1983),Boris Bućan,./record/22471?highlight=*:*
Isabella of Aragon (broken) (Post 1912),Unknown,./record/20532?highlight=*:*
House and Figures in a Landscape,Judith A. Heller,./record/22578?highlight=*:*
Still Life with Bols Bottle,Leonard I. H. Gray,./record/22673?highlight=*:*
Unknown (1947-1948),William D Clyne,./record/50635?highlight=*:*
Untitled (Mar 1963),John Bellany,./record/21535?highlight=*:*
Earth II,Garry Marshall,./record/122723?highlight=*:*
Untitled,Unknown,./record/102678?highlight=*:*
Seated Male Nude,Graham Durward,./record/22568?highlight=*:*
Untitled (2006),Greggory Bradford,./record/99877?highlight=*:*
Teacup,Emma Gillies,./record/53637?highlight=*:*
Reclining Female Nude on White Iron Bed,Unknown,./record/122802?highlight=*:*
Bottles on Table,Unknown,./record/122760?highlight=*:*
Untitled (Unknown),Unknown,./record/99921?highlight=*:*
Untitled (1973),Ken McLennan,./record/21844?highlight=*:*
Reclining Female Nude (1948),Victorine Anne Schilsky,./record/20831?highlight=*:*
Study for picture 'Waking of Brynhildr' (1897),Pavlov Chailly,./record/50470?highlight=*:*
Espresso Cup (1920s),Emma Gillies,./record/53699?highlight=*:*
Untitled (Unknown),Unknown,./record/21816?highlight=*:*
Unknown (1950),John W. Corner,./record/50519?highlight=*:*
Unknown (1957),Andrew P. W. Conkie,./record/50523?highlight=*:*
Still Life,Ianthe Fisher,./record/122799?highlight=*:*
Untitled (Unknown),Unknown,./record/21999?highlight=*:*
Portrait of a Seated Man (1955),Peter McGinn,./record/21213?highlight=*:*
Life Drawing,Eugene Corolan,./record/99850?highlight=*:*
Untitled (1962),Deborah Eadie,./record/99495?highlight=*:*
Seated Male Nude with Sword (1955),Fiona C MacCormick,./record/21013?highlight=*:*
Untitled - Portrait of a Woman in a Hat (1974),Patricia M Leighton,./record/99473?highlight=*:*
Portrait of a Woman (1954),David Ewans,./record/21215?highlight=*:*
Summer Composition 1967 (1967),Alan T. Johnston,./record/122689?highlight=*:*
Untitled (1960),Robert L Snowden,./record/21538?highlight=*:*
Still Life,Gavin Robson,./record/122713?highlight=*:*
Leith Docks,David McClure,./record/122725?highlight=*:*
Nude Figure,Carolyn Wall,./record/122773?highlight=*:*
Inner Landscape (2006),Thipel,./record/99990?highlight=*:*
Untitled,Unknown,./record/102729?highlight=*:*
Female Nude (1956),Moira E. Brown,./record/122749?highlight=*:*
Portrait of a Man,M Ledgerwood,./record/21504?highlight=*:*
Untitled (1996),Jennifer C. Lindsay,./record/21930?highlight=*:*
Female Head Study (1949),Richard Lovell,./record/50488?highlight=*:*
Portrait of Woman in White Blouse (1962),Elizabeth G. Kellar,./record/22714?highlight=*:*
Train Station,T Honeyman,./record/21463?highlight=*:*
Portrait in Green,Claudia Petretti,./record/21438?highlight=*:*
Standing Male Nude with White Cloth over Shoulders (1950),Joan Connell,./record/122863?highlight=*:*
Tapestry fragment,Unknown,./record/102673?highlight=*:*
Opera - Vienna (1963-1964),Leslie Allan,./record/99384?highlight=*:*
Untitled (Unknown),A. Geraldine Gowan,./record/21580?highlight=*:*
Side Plate,Emma Gillies,./record/53611?highlight=*:*
Untitled (2014),Rachel Hill,./record/47450?highlight=*:*
Unknown (31 MAY 1960),Rhona L. Barclay,./record/50618?highlight=*:*
The Thinker (1969),Marko Krsmanovic,./record/21647?highlight=*:*
Winter Fence (1977),Alfons Bytautas,./record/21549?highlight=*:*
Untitled (1963),Janette Brown,./record/22008?highlight=*:*
Unknown,Unknown,./record/50417?highlight=*:*
Study for completed image (1960),Vivien Alexander,./record/50625?highlight=*:*
Untitled (Unknown),David Douglas,./record/21641?highlight=*:*
Plate (1920s),Emma Gillies,./record/53708?highlight=*:*
Untitled - Abstract Building (1972),Lindsay R S Gordon,./record/99422?highlight=*:*
Study for Two Figure Composition (1949),Douglas Baxter,./record/50576?highlight=*:*
Self-Portrait (1967),Gregor Smith,./record/99398?highlight=*:*
Untitled (1972),Lin Hunter,./record/21834?highlight=*:*
Composition with Photo Screenprints of a Dead Rabbit (1972),Brent D. Millar,./record/22572?highlight=*:*
Untitled (1967),Sam Rae,./record/21756?highlight=*:*
Step 2 (2013),Maria Hadam,./record/21307?highlight=*:*
Unknown (1947),Vivien Chapman,./record/50475?highlight=*:*
Crucifixion (1952),John Picking,./record/122709?highlight=*:*
Untitled (1987),Henry Rodgers,./record/99799?highlight=*:*
Untitled,Unknown,./record/102728?highlight=*:*
Seated Male Nude (17 FEB 1959),A Robson,./record/20937?highlight=*:*
Male Nude on Step Ladders,Helen G. S Forde,./record/22671?highlight=*:*
Untitled - Three Figures At the Opera (1963),Ann F Ward,./record/99344?highlight=*:*
Riders from the West Frieze of the Parthenon (1836-1837),NA,./record/20672?highlight=*:*
Still Life with Bowl of Fruit (1964),William M. McG. Gillon,./record/122877?highlight=*:*
Composition with Sinking Ship and Lightbulb (1986),David Hosie,./record/99529?highlight=*:*
Circus (1950),Cecile E M Johnston,./record/21027?highlight=*:*
Portrait of a Young Man (1951),James P W Syme,./record/21240?highlight=*:*
Seated Male Nude (1965-1966),H Chart,./record/21268?highlight=*:*
After the Fall of Snow (1986),Hilary A. Fisher,./record/21705?highlight=*:*
Dorothy Allsop sampler (1936),Unknown,./record/102697?highlight=*:*
Untitled - Abstract Bridge and Ballons (1968),Alastair Burns,./record/99474?highlight=*:*
Untitled (Unknown),Unknown,./record/21991?highlight=*:*
Plate,Emma Gillies,./record/53719?highlight=*:*
Seated Female Nude (1939),Heather Measham,./record/21136?highlight=*:*
Untitled (1969),Richard Easson,./record/99829?highlight=*:*
Side Plate,Emma Gillies,./record/53614?highlight=*:*
Untitled (1976),Ian Baillie,./record/21599?highlight=*:*
Walking the Wall (Unknown),Victoria C F Bernie,./record/21906?highlight=*:*
Portrait of a Seated Man (1954),Edith Fraser,./record/21208?highlight=*:*
Untitled (1968),Maureen Purcell,./record/22499?highlight=*:*
Saucer,Emma Gillies,./record/53625?highlight=*:*
Untitled (2002),Lisa Flett,./record/99926?highlight=*:*
Untitled (Unknown),Catherine Fairgrieve,./record/21721?highlight=*:*
No 98 (1960),John Johnstone,./record/99207?highlight=*:*
Still Life Apples (1953),D. Gordon Campbell,./record/22674?highlight=*:*
Unknown (1950),James Bowman,./record/50611?highlight=*:*
Unknown,Elizabeth Blackadder,./record/50638?highlight=*:*
Reclining Female Nude (14 DEC 1952),Llewella Brayne,./record/20940?highlight=*:*
Momen (2005),Tadas Gindrenas,./record/99901?highlight=*:*
Standing Female Nude (1952),Mollie E N Langlands,./record/21020?highlight=*:*
Untitled (1997),Unknown,./record/21910?highlight=*:*
Untitled (Unknown),Unknown,./record/21793?highlight=*:*
Snowy Landscape (1962),Geoffrey J Roper,./record/99368?highlight=*:*
Three Views of a Standing Woman (1949),Douglas Gordon,./record/21101?highlight=*:*
Acteon (1838),Sarti,./record/20582?highlight=*:*
Untitled - Portrait of Red-Haired Woman (1965),Ian Paterson,./record/99410?highlight=*:*
untitled (1984),David Hosie,./record/112340?highlight=*:*
Unknown (1966),John Nelson,./record/50497?highlight=*:*
Untitled (1962),Janette Brown,./record/99375?highlight=*:*
Portrait of a Woman at a Table (1960),Dorothea Brown,./record/20995?highlight=*:*
Sitting Nude Woman (Circa 1975),Fiona G. Robertson,./record/123342?highlight=*:*
Unknown (1950),Alexander Cree,./record/50541?highlight=*:*
2. (a) Baskerville Serif (1972),Anthony Benjamin,./record/21669?highlight=*:*
Performing Labour in an Industrial Setting II (2020),Aisling Ward,./record/113776?highlight=*:*
Oedipus is King (Circa 1964),Kirkland Main,./record/122717?highlight=*:*
Figures by a canal (Circa 1987),John Picking,./record/122740?highlight=*:*
Stretching Male Nude (Circa 1953),Valerie Donaldson,./record/20949?highlight=*:*
Untitled (1955),Alan Bartram,./record/99827?highlight=*:*
Mefisto (1983),Boris Bućan,./record/22037?highlight=*:*
Standing Male Nude (1958),Andrew P. W. Conkie,./record/22716?highlight=*:*
Life Painting (1918),Anne Redpath,./record/20735?highlight=*:*
Reclining Female Nude (1960),Kenneth R Wheatley,./record/20857?highlight=*:*
Standing Male Nude with staff (1949-1952),Adam Robson,./record/20812?highlight=*:*
Portrait of a Woman (1958),David Rifat,./record/20872?highlight=*:*
Standing Male Nude (1953),James Martin,./record/20952?highlight=*:*
Plate (1920s),Emma Gillies,./record/53716?highlight=*:*
Untitled (1993),Esther Donaldson,./record/21625?highlight=*:*
Cap insert (1800-1899),Unknown,./record/102709?highlight=*:*
Standing Boy with Four Ravens (1986-1987),Janice McNab,./record/122970?highlight=*:*
Untitled (1962),Ethel V Hope,./record/99836?highlight=*:*
Still Life with Drapes (1966),James H. Fairgrieve,./record/22651?highlight=*:*
Green and Red Still Life,Jacqueline A. Waterson,./record/122814?highlight=*:*
Bridge at Night,H. Livingstone,./record/22535?highlight=*:*
Untitled (2003),Sarah Jamieson,./record/99925?highlight=*:*
Portrait of a Woman (FEB 1952),Martin G C McKeown,./record/21414?highlight=*:*
Standing Female Nude,Unknown,./record/22730?highlight=*:*
Seated Nude (1957),Ruth Illingworth,./record/20933?highlight=*:*
Untitled (MAR 1997),Unknown,./record/21928?highlight=*:*
Standing Male Nude with White Cloth,Janet I. Coventry,./record/22665?highlight=*:*
Five Figures in Light and Shade (1960),Ann F Ward,./record/123104?highlight=*:*
Untitled - Portrait of a Nude Female (1972),Lindsay R S Gordon,./record/99421?highlight=*:*
Unknown (1949),Betty Elston,./record/50580?highlight=*:*
Composition with Washing Line (Circa 1987),Gary Ferguson,./record/22620?highlight=*:*
Untitled (Unknown),David C Duke,./record/21987?highlight=*:*
Portrait of a Woman (Pre 1949?),John Hunter,./record/21042?highlight=*:*
Unknown (Circa 1890),Unknown,./record/50468?highlight=*:*
Relic of Origins: Wild Boar (2013),Kyle Noble,./record/21304?highlight=*:*
Rosa Regolit (2007),Bridget Steed,./record/99973?highlight=*:*
Arizona (Unknown),Unknown,./record/21813?highlight=*:*
Untitled (Unknown),Joanne Leonie Milne,./record/21947?highlight=*:*
Portrait of a Seated Man in a Cap (1960),Kenneth Muir,./record/20983?highlight=*:*
Untitled (1967),Ian Roy,./record/21757?highlight=*:*
Drawn from Nature Exhibition Poster (Unknown),Unknown,./record/21847?highlight=*:*
Nude Male and Horse (Circa 1963),Leon Francesco Morrocco,./record/21399?highlight=*:*
Gates of Paradise (1835),Clement Pappi,./record/20577?highlight=*:*
Portrait of a Young Man (1950),Alexander F Mitchell,./record/21056?highlight=*:*
Play-Areas (Unknown),Wendy McMurdo,./record/21597?highlight=*:*
Ship yard (1965),Helen M. Percy,./record/102743?highlight=*:*
Standing Male Nude (1939),Heather Measham,./record/21137?highlight=*:*
Study of Three Skeletons (Circa 1961),William O. Little,./record/99268?highlight=*:*
Untitled (1966),Alistair T Hamilton,./record/99843?highlight=*:*
Untitled (1976),Ruth Stiven,./record/99492?highlight=*:*
Untitled (Unknown),Adam M Martin,./record/21830?highlight=*:*
Unknown (1986),Peter McLaren,./record/53533?highlight=*:*
Ayrshire christening robe (1800-1899),Unknown,./record/102679?highlight=*:*
Portrait of a Man,Jeffery S. Firth,./record/21327?highlight=*:*
Nude Reclining,John Johnstone,./record/122696?highlight=*:*
Untitled (1967),Helen Pollock,./record/112446?highlight=*:*
Untitled - Nude Male in the Forest (1963),Leonore D Mackay,./record/99395?highlight=*:*
Performing Labour in an Industrial Setting III (2020),Aisling Ward,./record/113777?highlight=*:*
Sitting Nude Woman (1978),Jill R. Penman,./record/122716?highlight=*:*
Untitled - Two Girls On a Walk (1987),Susan Jane Mowatt,./record/99414?highlight=*:*
Queen Anne chair cover (1700-1750),Unknown,./record/102711?highlight=*:*
Unknown,Alexander Cree,./record/50550?highlight=*:*
Reclining Nude,Augustus John,./record/122697?highlight=*:*
Donald Douglas (Actor) (1954),Mary C. A. Edmond,./record/122959?highlight=*:*
Riders from South Frieze of the Parthenon (1836-1837),NA,./record/20729?highlight=*:*
Riders from South Frieze of the Parthenon (1836-1837),NA,./record/20722?highlight=*:*
That's a Novel Concept (2007),Hannah Jasper,./record/99970?highlight=*:*
Kneeling Female Nude (1957),Andrew Conkie,./record/20925?highlight=*:*
Unknown,Mary C. A. Edmond,./record/53523?highlight=*:*
Seated Male Nude (1953),Diana Douglas-Hamilton,./record/20928?highlight=*:*
Small black figure with long wavy hair,Unknown,./record/20546?highlight=*:*
Unknown (1950),Zygmunt Bukowski,./record/53556?highlight=*:*
Untitled (Unknown),David C Duke,./record/21986?highlight=*:*
Unknown (Circa 1890),Unknown,./record/50465?highlight=*:*
Standing Boxer (1964),John Bellany,./record/20778?highlight=*:*
Matthew (1989),Janie Nichol,./record/50414?highlight=*:*
Unknown,Unknown,./record/50419?highlight=*:*
Untitled (1969),John Stewart,./record/22486?highlight=*:*
Portrait of a Man (1966),James Fairgrieve,./record/21398?highlight=*:*
Untitled (1967),Arthur J Baglee,./record/99380?highlight=*:*
Unknown (1946),William G. Craig,./record/50510?highlight=*:*
Untitled - Abstract Forest Landscape (1962-1966),Laura McPherson,./record/99391?highlight=*:*
Untitled (1960),Kathleen Russell,./record/99522?highlight=*:*
Seated Man in Period Costume (1967),Wilson,./record/21267?highlight=*:*
Anat (1966),Norman Orr,./record/99405?highlight=*:*
Still Life with Vase of Fuchsias (1954),Edith Fraser,./record/22740?highlight=*:*
Seated Man in Traditional Dress (Undated but found amongst collection of ECA Diploma works from 1960s.),Barreton,./record/21290?highlight=*:*
Babies constructed bonnet (1890-1900),Unknown,./record/102672?highlight=*:*
Untitled,Jean M. A. Conacher,./record/112353?highlight=*:*
Female Model with Mirror (1962),Helen G. S Forde,./record/122864?highlight=*:*
Crow in Black Spectacles,Michael Orthenstein,./record/122251?highlight=*:*
Seated Male Nude with Blanket (1959),W Campbell,./record/20972?highlight=*:*
Bearded Goat (1920s),Emma Gillies,./record/53755?highlight=*:*
Angel playing a pipe (Unknown),Unknown,./record/20609?highlight=*:*
Untitled (Unknown),Unknown,./record/99918?highlight=*:*
Kneeling Male Nude (1953),George Hamilton,./record/20932?highlight=*:*
Untitled (1986),Ian McKenzie Smith,./record/21708?highlight=*:*
Untitled (Unknown),Unknown,./record/21917?highlight=*:*
Teacup,Emma Gillies,./record/53640?highlight=*:*
Angel with hand raised in blessing,Unknown,./record/20545?highlight=*:*
Composition with Design Scratched in Plaster (1974),Margaret S. Clyde,./record/122912?highlight=*:*
Untitled (Unknown),S J Dooley,./record/99910?highlight=*:*
Untitled - Two Sitting Nude Women (1983-1984),Robert Maclaurin,./record/99427?highlight=*:*
Unknown (1947),Anne Anderson,./record/50529?highlight=*:*
Brazie (1969),"Eduardo Luigi Paolozzi KBE, RA",./record/21701?highlight=*:*
Untitled - Country Houses and Fields (1963),Helen Wishart,./record/99451?highlight=*:*
Nude Sleeping,Raymon Pattie,./record/22529?highlight=*:*
Untitled (1968),Anne Lynch,./record/22492?highlight=*:*
Replica cast (white) of Parthenon slab GE31,Unknown,./record/20655?highlight=*:*
Untitled (1971),Ian Haycox,./record/21836?highlight=*:*
Standing Male Nude (1939-1940),Eleanora Borrie,./record/21133?highlight=*:*
The Candy Floss Vender,Unknown,./record/122769?highlight=*:*
Circus,Margaret A Leake,./record/21012?highlight=*:*
Nabucco (1983),Boris Bućan,./record/22031?highlight=*:*
For Peter (JUN 2002),Jeremy Mitchell,./record/21845?highlight=*:*
Of Carole Danielson (1964),Helen Cargill,./record/53585?highlight=*:*
Saucer,Emma Gillies,./record/53626?highlight=*:*
Untitled (1972),Ian Gengt (possibly),./record/21840?highlight=*:*
Sgraffito Wares I (Circa 1994),Lisa Ward,./record/122792?highlight=*:*
Portrait of a Woman with Teacup (1962),Leslie Johns,./record/21264?highlight=*:*
Untitled (1966),Gillian Mather,./record/22002?highlight=*:*
Untitled (1986),R. Euman,./record/21629?highlight=*:*
Untitled (Unknown),Unknown,./record/21994?highlight=*:*
Portrait of a Bearded Man (1960),Elise Brown,./record/20977?highlight=*:*
Nude and Kettle (1976),Fionna E. Carlisle,./record/22558?highlight=*:*
Orange (1985),Unknown,./record/21589?highlight=*:*
Still Life and Reflected Portrait (20 OCT 1962),John C Mark Jones,./record/99258?highlight=*:*
Rainman/Air Boys (2003),John Schulz,./record/99931?highlight=*:*
Riders from South Frieze of the Parthenon (1836-1837),NA,./record/20719?highlight=*:*
Drawing of a Seated Woman (1958),Jacqueline A N Stieger,./record/20787?highlight=*:*
Castor and Pollux (1835),Sarti,./record/20593?highlight=*:*
Don Juan (1983),Boris Bućan,./record/22038?highlight=*:*
Composition with Black Square (1981),Alastair R. W. Hearsum,./record/22552?highlight=*:*
Untitled,Shirley Brown,./record/22518?highlight=*:*
Two Boxes on Pink (Circa 1968),Maureen Marshall,./record/22563?highlight=*:*
1st State (Unknown),Euan Gray,./record/21954?highlight=*:*
Still Life with Shadow of Kettle (1966),James H. Fairgrieve,./record/22734?highlight=*:*
Frieze from the Temple of Athena Nike (2nd right) (1827),NA,./record/20627?highlight=*:*
Untitled (1983),Robert Rivers,./record/99804?highlight=*:*
Study for Composition - The Long Journey (19 APR 1961),John Picking,./record/111039?highlight=*:*
Kneeling Male Nude (1965-1966),George Donald,./record/21174?highlight=*:*
The Sons of Usnach at Chess (1964),John B Vallely,./record/21006?highlight=*:*
Self-Portrait (Unknown),Justine Blair,./record/21727?highlight=*:*
Sitting Nude Woman (1952),Mollie E N Langlands,./record/122703?highlight=*:*
Untitled - Portrait of Girl in Glasses (1965),Laura McPherson,./record/99389?highlight=*:*
Begining (Unknown),Unknown,./record/21926?highlight=*:*
Diddly Doodly (2006),John Brown,./record/99953?highlight=*:*
Green Landscape (Circa 1967),Helen Pollock,./record/21436?highlight=*:*
The Ferry,Kathleen Russell,./record/123103?highlight=*:*
Gem cabinet 6 (of 6) containing 43 medallions (Unknown),Unknown,./record/20620?highlight=*:*
Untitled - The Magi (1963),Monika L I Uecker,./record/99444?highlight=*:*
Doric Order (abacus and capital) of the Parthenon,NA,./record/20638?highlight=*:*
Standing Male Nude (1930-1931),John McNairn,./record/21140?highlight=*:*
Valerie (Circa 1987),Renny Tait,./record/20752?highlight=*:*
Portrait of a Woman (1963),Roger Cameron,./record/21319?highlight=*:*
Silhouetted Head,Leslie C. McConnell,./record/122920?highlight=*:*
Standing Male Nude Leaning on Plinth (1959),James C. Y. Gavin,./record/20876?highlight=*:*
Kitchen Interior,Ruth Walker,./record/122896?highlight=*:*
Portrait of a Man (1939-1940),Robert A Campbell,./record/21127?highlight=*:*
Harbour at Night,Derek McGuire,./record/21511?highlight=*:*
Chinese sleeveband. waves,Unknown,./record/102703?highlight=*:*
Untitled (1967),Gwen Mackenzie,./record/111034?highlight=*:*
Reclining Nude - Female (1953),Mary C. A. Edmond,./record/22722?highlight=*:*
Untitled (1964),Helen Cargill,./record/22484?highlight=*:*
Unknown,Unknown,./record/50450?highlight=*:*
Cape May (1983),G.M. L.,./record/21975?highlight=*:*
Self Portrait in White Apron,Unknown,./record/22600?highlight=*:*
Untitled - Circus Rider and Horse (1963),Jean M. Marshall,./record/99364?highlight=*:*
Jacobean fragment (Jacobean?),Unknown,./record/100011?highlight=*:*
Untitled - Jousting Match (1965-1966),James B. Thomson,./record/99447?highlight=*:*
Jockeys,Alexander S Campbell,./record/122845?highlight=*:*
The Judgement of Paris (1959),Kenneth Dingwall,./record/22713?highlight=*:*
Railway Track (2002),Manson Heather,./record/112495?highlight=*:*
Untitled (Unknown),Victoria C F Bernie,./record/21785?highlight=*:*
Head (1987),Janice McNab,./record/22685?highlight=*:*
Seated Male Nude (1959),Ronald G Browne,./record/21156?highlight=*:*
The Ruins (1948),James W. H. Cumming,./record/122793?highlight=*:*
Nudes on the Beach (1953),Moira E. Brown,./record/122830?highlight=*:*
Portrait of a Woman (Circa 1939),Ian R McRobbie,./record/21138?highlight=*:*
Portrait of a Woman (1957),Andrew McPhee,./record/21064?highlight=*:*
Nugget (2013),Charlotte Roseberry,./record/21301?highlight=*:*
Portrait of Seated Man (1956),Ballantyne,./record/21180?highlight=*:*
135 (2015),Mark Osborne,./record/53775?highlight=*:*
Unknown (1949),T. A. Sutter Watt,./record/50456?highlight=*:*
Needlebook,Winsome Douglass,./record/113830?highlight=*:*
Figures in an Interior,Henry Rogers,./record/21491?highlight=*:*
Spinario (Late 19th Century),Musée Royal du Louvre,./record/20574?highlight=*:*
Untitled (1963),Ruth Walker,./record/22023?highlight=*:*
Nikola Subić Zrinjski (1983),Boris Bućan,./record/22033?highlight=*:*
Unknown (1989),Joanne Leonie Milne,./record/123511?highlight=*:*
Antique Life drawing - 3rd Year (1962),Kathleen Russell,./record/99520?highlight=*:*
Saucer,Emma Gillies,./record/53628?highlight=*:*
Traviata (Unknown),Boris Bućan,./record/22470?highlight=*:*
Jug (1920s),Emma Gillies,./record/122541?highlight=*:*
Portrait of an Old Woman (1959),Barbara Strachan,./record/20868?highlight=*:*
Young Boy (1963),Roger Cameron,./record/21265?highlight=*:*
Untitled (MAR 1962),Irene Thomson,./record/22015?highlight=*:*
'Gordini' Fairground Ride,Hazel Walker,./record/21508?highlight=*:*
Marshal from the East Frieze of the Parthenon (1836-1837),NA,./record/20679?highlight=*:*
Untitled - Print of Dining Table with Window (1962),Ann F Ward,./record/99336?highlight=*:*
Study for picture 'Waking of Brynhildr' (1897),Pavlov Chailly,./record/50472?highlight=*:*
View from a Window,Sylvia Mackiewicz,./record/21453?highlight=*:*
Horse (1920s),Emma Gillies,./record/53750?highlight=*:*
Portrait with a Beret (1986),Charles P. Stiven,./record/21437?highlight=*:*
Man and Basket (1950),Alfred Hackney,./record/21030?highlight=*:*
Self Portrait (1975),Ruth S. Stiven,./record/122889?highlight=*:*
Portrait of a Woman (1957),Ruth Illingworth,./record/21007?highlight=*:*
Giraffe (1920s),Emma Gillies,./record/53749?highlight=*:*
Standing Female Nude (1959),R G Browne,./record/20953?highlight=*:*
Untitled (Unknown),Unknown,./record/21555?highlight=*:*
Aix: Moroccan Women (1955),Margaret Proudfoot,./record/21031?highlight=*:*
Unknown (1968),Kenneth R Duffy,./record/99515?highlight=*:*
A Red Made For R.M Rilke (2006),Catlin Dalton,./record/99884?highlight=*:*
Side Plate,Emma Gillies,./record/53612?highlight=*:*
Espresso Saucer (1920s),Emma Gillies,./record/53686?highlight=*:*
Untitled (2006),Daisy Richardson,./record/99866?highlight=*:*
Untitled (1962),Paresh C. Chakraborty,./record/112307?highlight=*:*
My Boots Are Wet from the grass (2006),Becky Campbell,./record/99962?highlight=*:*
Standing Female Nude (1959),Kenneth Dingwall,./record/21329?highlight=*:*
Idolino,Unknown,./record/20576?highlight=*:*
Gem cabinet 3 (of 6) containing 43 medallions (Unknown),Unknown,./record/20617?highlight=*:*
Country Lane (1959),Jacqueline A N Stieger,./record/20821?highlight=*:*
Portrait of a Woman (1954),D Stewart Lowdon,./record/21214?highlight=*:*
Untitled (2002),Elizabeth Shepherd,./record/99947?highlight=*:*
Untitled (1946),Esther W. Hamilton,./record/21730?highlight=*:*
Unknown (1973),David Hogg,./record/53601?highlight=*:*
Virgin and Child (Unknown),Unknown,./record/20571?highlight=*:*
Busmen Newhaven (1960-1964),Irene Thomson,./record/21901?highlight=*:*
Unknown (1949),Mary D Thomson,./record/50453?highlight=*:*
Suit of Armour (Circa 1964),Kirkland Main,./record/21170?highlight=*:*
Preparatory Sketch (1962),John Picking,./record/50528?highlight=*:*
Untitled (2002),Lisa Flett,./record/99935?highlight=*:*
Demolished Building,Keith Thomson,./record/21464?highlight=*:*
Self (1964),Senga Guthrie,./record/53593?highlight=*:*
Untitled (1967),Sylvia M. R. Cameron,./record/112303?highlight=*:*
Untitled I (2007),Jenny Smith,./record/99899?highlight=*:*
Oranges (2018),Jessica Gasson,./record/102753?highlight=*:*
Untitled - Life Drawing of a Bearded Man in Brown Jacket (1967),Isobel T Johnstone,./record/99252?highlight=*:*
Untitled (Unknown),David C Duke,./record/21983?highlight=*:*
Unknown,Colin Brown,./record/53565?highlight=*:*
"Composition with Hieroglyphics, Signs and Symbols (Circa 1977)",Sally E. Oswald,./record/22561?highlight=*:*
Portrait of a Man with Beard (18 JAN 1957),R Wright,./record/20905?highlight=*:*
Unknown (1946),Norma Forrest,./record/50591?highlight=*:*
Unknown (1960),Hugh Deans,./record/53574?highlight=*:*
Untitled (2007),Rita Marhaug,./record/99979?highlight=*:*
Seated Female Nude (1939-1940),James H Donaldson,./record/21125?highlight=*:*
Portrait of a Woman (1958),Dorothy Durward,./record/21141?highlight=*:*
Untitled - Two Apes Sun Bathing (1963),Ann F Ward,./record/99347?highlight=*:*
Portrait of a Seated Woman (1954),Margaret Proudfoot,./record/21212?highlight=*:*
Seated Male Nude (1959),George MacIntosh,./record/20884?highlight=*:*
Standing Male Nude Leaning on a Stool (1952),Unknown,./record/21216?highlight=*:*
Standing Male Nude (DEC 1951),M McKeown,./record/21225?highlight=*:*
Untitled (1969),Richard Easson,./record/22493?highlight=*:*
View of a Shipyard (1966),Roy M. W. Cameron,./record/122837?highlight=*:*
Portrait of a Woman (1951),Andrew Kidd,./record/21235?highlight=*:*
Portrait of an Old Man (1952),Frances Walker,./record/20848?highlight=*:*
Horses and men (facing left),NA,./record/20659?highlight=*:*
Figure Seated on Bed,Graeme D. High,./record/122686?highlight=*:*
Untitled - Figures and Bicycles in the City (1965-1966),James B. Thomson,./record/99450?highlight=*:*
La Messe de Minuit - Église St Eustache (1963),Ann F Ward,./record/99342?highlight=*:*
The Fruitstand (Unknown),Elizabeth Gourlay,./record/21777?highlight=*:*
Untitled (Unknown),Alison Williams,./record/21944?highlight=*:*
Unknown (1952),Rosemary Bagshaw,./record/53518?highlight=*:*
Porcus Omnivorous (1994),Sara Ogilvie,./record/21960?highlight=*:*
Saucer,Emma Gillies,./record/53663?highlight=*:*
Portrait of Standing Woman wearing Overalls (1959),Denness Morton,./record/20889?highlight=*:*
Untitled (2007),Esther McGreggor,./record/99895?highlight=*:*
Untitled (1966),Helen G. S Forde,./record/99813?highlight=*:*
Untitled - Two Women at the Ocean (1985-1986),Olivia Irvine,./record/99428?highlight=*:*
Still Life (1985),Paul John Croft,./record/21795?highlight=*:*
Untitled (1963),[Unknown] Black,./record/22024?highlight=*:*
Skeleton Studies (Circa 1957),David Young,./record/20861?highlight=*:*
Untitled (Unknown),Unknown,./record/21862?highlight=*:*
Landscape with Horse (1945-1946),William MacLaren,./record/21065?highlight=*:*
Untitled - Figure Drawing of A Nude Woman Lying Down (1964-1965),Gordon Bryce,./record/99278?highlight=*:*
"Metope 8, south entablature, Parthenon (1837)",NA,./record/20650?highlight=*:*
Portrait of a Young Boy (1956),David McClure,./record/21334?highlight=*:*
Saucer,Emma Gillies,./record/53622?highlight=*:*
Untitled (1964),James Goodall,./record/99846?highlight=*:*
Profile of Man in Yellow Jumper,Fergus A Mather,./record/99357?highlight=*:*
Beth ydy ti'r Experience am Protest (2023),Ffion Williams,./record/123694?highlight=*:*
Untitled (1949),Victorine Anne Schilsky,./record/21746?highlight=*:*
Untitled (Unknown),Unknown,./record/21870?highlight=*:*
Untitled - Abstract Crowd Scene (1964-1965),William Gillon,./record/99477?highlight=*:*
Abstract (Circa 1965),James B. Thomson,./record/21402?highlight=*:*
Sweeps and Chimney Pots (Circa 1952),Frances M. Walker,./record/102659?highlight=*:*
Still Life Lobster Creel (1965),Helen M. Percy,./record/122870?highlight=*:*
Untitiled (Circa 1960),Robert L Snowden,./record/21544?highlight=*:*
Still Life with Fish (1949),Alistair F. Flattely,./record/22700?highlight=*:*
Portrait of a Man (1968),Charles Ian Patterson,./record/21321?highlight=*:*
Plate (1920s),Emma Gillies,./record/53668?highlight=*:*
Unknown,Josephine Ganter,./record/53569?highlight=*:*
Unknown (1955),Edith Duke,./record/53526?highlight=*:*
Seated Woman in Red and Green Dress (1966),Unknown,./record/122766?highlight=*:*
Seated Female Nude (1955),Jean Fraser,./record/21195?highlight=*:*
Privata Care (2016),Natalie Howlett,./record/99237?highlight=*:*
Teacup,Emma Gillies,./record/53649?highlight=*:*
Teacup,Emma Gillies,./record/53648?highlight=*:*
Portrait of a Man (1953),Andrew Restall,./record/20945?highlight=*:*
Untitled - Two Chefs (1984-1985),Angus C. A. Hood,./record/99429?highlight=*:*
Virgin and Child (Tondo),Unknown,./record/20544?highlight=*:*
Portrait of a Man (1964),Kirkland Main,./record/102658?highlight=*:*
Tennis Courts (1952),Eric Ritchie,./record/22641?highlight=*:*
Vase,Emma Gillies,./record/53737?highlight=*:*
Portrait of a Woman,Alice Henderson,./record/21528?highlight=*:*
Bathers (1962),Vivien Alexander,./record/22524?highlight=*:*
Unknown (20 FEB 1956),James C. Y. Gavin,./record/53494?highlight=*:*
Portrait of a Woman (1952),Dorothy H. N. Forrest,./record/21202?highlight=*:*
Untitled (1947),Allan W. Robson,./record/21745?highlight=*:*
Portrait of a Woman (Circa 1959),Ronald G Browne,./record/21318?highlight=*:*
Untitled - Reclining Nude Woman (1963),Gordon Bryce,./record/99276?highlight=*:*
Untitled (1981),Jane Fairclough,./record/21591?highlight=*:*
Portrait of a Man (1959),John O'Neill,./record/21154?highlight=*:*
Performing Labour: a guide to creative resistance (2020),Aisling Ward,./record/113779?highlight=*:*
Woman and Fox (FEB 1966),James Fairgrieve,./record/21344?highlight=*:*
Portrait of a Man (1959),Bruce Clapperton,./record/20909?highlight=*:*
Society Reproduces Doubt (2020),Molly Kent,./record/113747?highlight=*:*
Bagatelle (1950),Eric Ritchie,./record/122921?highlight=*:*
Unknown (1960),Robin E. Bownass,./record/50607?highlight=*:*
Orange Abstract (1987),Alistair Banks,./record/22724?highlight=*:*
Untitled,Unknown,./record/21788?highlight=*:*
Portrait of a Woman in a Hat (1958),Pat Calder,./record/20959?highlight=*:*
Untitled (1963),Irene Thomson,./record/22016?highlight=*:*
Mexican needleweaving.donkeys (1951),Unknown,./record/102691?highlight=*:*
Untitled (1967),Helen Pollock,./record/22028?highlight=*:*
Portrait of an Elderly Woman (1960),Dorothea Brown,./record/20994?highlight=*:*
Three Street Views,Unknown,./record/21176?highlight=*:*
Untitled (1966),Carra McNeil,./record/22506?highlight=*:*
Unknown (1947-1948),Marjorie Wallace,./record/50444?highlight=*:*
Untitled (1968),Maureen Purcell,./record/22503?highlight=*:*
Man with Glasses (1941),P. G. Prescot,./record/22737?highlight=*:*
Unknown (1950-1951),Valerie A. Cockburn (Gage),./record/50554?highlight=*:*
Portrait of a Young Man (1948),Sheena Page,./record/21070?highlight=*:*
Portrait of a Woman (1964),Peter Pretsell,./record/21420?highlight=*:*
Teacup,Emma Gillies,./record/53644?highlight=*:*
Child's collar. Chinese,Unknown,./record/102674?highlight=*:*
Untitled (2006),Digby Maass,./record/99859?highlight=*:*
Untitled (Unknown),Unknown,./record/21966?highlight=*:*
Still Life with Light bulb and Toy Plane (1967),Eileen E M Lawrence,./record/122701?highlight=*:*
Abstract Still Life with Yellow Pot,Thomas P. O'Brien,./record/123109?highlight=*:*
Seated Female Nude (1969),Rosemary E. Hamblin,./record/122801?highlight=*:*
Looking for women (2017),Tessa Lynch,./record/102738?highlight=*:*
Seated Male Nude (1960),Thomas T Robertson,./record/20807?highlight=*:*
Unknown (1950-1951),Valerie A. Cockburn (Gage),./record/50553?highlight=*:*
Portrait miniatures in a frame (Unknown),Unknown,./record/20623?highlight=*:*
Men in a Rugby Changing Room (Circa 1952),Trevor Stubley,./record/21411?highlight=*:*
Reclining Nude Woman (1953),Frances M. Walker,./record/122784?highlight=*:*
Abstract (1971),John F. Mooney,./record/22679?highlight=*:*
Patrick Nuttgens (recto) (1953),Llewella C. Brayne,./record/22705?highlight=*:*
(n) (fr) Les Voyeurs (1984),David C Duke,./record/99247?highlight=*:*
Parc de Tuileries - Paris (1963),John Bellany,./record/21533?highlight=*:*
Seated Woman (Circa 1961),Ann F Ward,./record/21354?highlight=*:*
Wrap up (Unknown),George Donald,./record/21825?highlight=*:*
Unknown (Unknown),Unknown,./record/21554?highlight=*:*
Man in Uniform,Tennant,./record/21481?highlight=*:*
Farm (possibly),Donald Clark,./record/21489?highlight=*:*
Unknown (1985),Donald Provan,./record/50418?highlight=*:*
Unknown (1960),John Johnstone,./record/53550?highlight=*:*
Plate (1920s),Emma Gillies,./record/53711?highlight=*:*
Life Painting,Elizabeth Blackadder,./record/20754?highlight=*:*
Untitled,Joyce M Cumming,./record/112356?highlight=*:*
Untitled - Girl with Crows (1961-1962),Gwendolene E Roger,./record/99399?highlight=*:*
Riders from the West Frieze of the Parthenon (1836-1837),NA,./record/20664?highlight=*:*
Barrel Vessel (1920s),Emma Gillies,./record/122070?highlight=*:*
138 (2015),Mark Osborne,./record/53773?highlight=*:*
Of Christine Clay (1964),Connie Dearness,./record/53583?highlight=*:*
Four Female Heads (1959),Denness Morton,./record/21078?highlight=*:*
Seated Male Nude (15 FEB 1950),John Parnell,./record/21066?highlight=*:*
Composition Notes (02 MAY 1978),Unknown,./record/53537?highlight=*:*
Chimney Pots (1966),James B. Thomson,./record/21913?highlight=*:*
Side Plate,Emma Gillies,./record/53616?highlight=*:*
Untitled (Unknown),Rhalina Morgan,./record/21688?highlight=*:*
Untitled - Nude Female Standing (1964),Eleanor Maiden,./record/99360?highlight=*:*
Portrait of a Man (1957),Norman E Kirkpatrick,./record/21022?highlight=*:*
Unknown (1948),Mabel D. Lawford,./record/50537?highlight=*:*
Double Handled Vessel (1920s),Emma Gillies,./record/53739?highlight=*:*
Coupar,Unknown,./record/50409?highlight=*:*
Portrait (1956),Unknown,./record/21256?highlight=*:*
Unknown (Unknown),Margaret Clyde,./record/21879?highlight=*:*
Minoan Fertility Goddess Figurines (2017),Daisy Silver,./record/100015?highlight=*:*
"A PHP Error was encountered Severity: Warning Message: Undefined array key ""dctitleen"" Filename: views/search_results.php Line Number: 98 A PHP Error was encountered Severity: Warning Message: Trying to access array offset on null Filename: views/search_results.php Line Number: 98 (1967)",Dorothy Campsie,./record/112304?highlight=*:*
Portrait of Mary Edmond (1954),Moira E. Brown,./record/122807?highlight=*:*
Domestic Landscape I (2005),Giedre Karsokiene,./record/99969?highlight=*:*
Portrait of Seated Woman (1952),Nicholas Patrick Rentiens,./record/21371?highlight=*:*
Standing Female Nude (1959),Bruce Clapperton,./record/20910?highlight=*:*
Standing Male Nude (1959),Kenneth Dingwall,./record/21330?highlight=*:*
Dish (1920s),Emma Gillies,./record/53731?highlight=*:*
Portrait of a Woman (1956),James Robertson,./record/21185?highlight=*:*
Untitled - Abstract Collage with Spheres (1988-1990),Arlene Isbister,./record/99471?highlight=*:*
Untitled (Unknown),Gregg Magee,./record/21639?highlight=*:*
Yellow Plane* (1999),Sarah Gittens,./record/122823?highlight=*:*
Portrait of a Seated Woman,Barbara Mackie,./record/20999?highlight=*:*
Unknown,Unknown,./record/50388?highlight=*:*
Untitled (Unknown),Unknown,./record/99956?highlight=*:*
Standing Male Nude (1939),Betty M. Ferguson,./record/21131?highlight=*:*
Untitled (Unknown),Jennifer C. Lindsay,./record/21877?highlight=*:*
Untitled - Print of Figures Lying in a Garden (1962),Ann F Ward,./record/99337?highlight=*:*
Abstract (Unknown),Mark Harris,./record/21660?highlight=*:*
Black Nude,Ann Stout,./record/122808?highlight=*:*
Untitled (1981),Sarah Robertson,./record/21835?highlight=*:*
Portrait of a Man (1952),David Michie,./record/21385?highlight=*:*
Old Waverley Hotel (1990),Kirsty E. Raitt,./record/22587?highlight=*:*
Damn blast and a side order of damn,Colin Montgomery,./record/22545?highlight=*:*
Espresso Saucer (1920s),Emma Gillies,./record/53683?highlight=*:*
Untitled - Drawing in Profile of a Sitting Woman (1980),Carolyn S Byres,./record/99425?highlight=*:*
"fig.1 Destination, fig 2 Time - 10.35 pm (1984)",Andrew Binnie,./record/99466?highlight=*:*
Unknown (1950),Francis Curran,./record/50506?highlight=*:*
Multicolour Abstract (1970),Christopher J. Allan,./record/122873?highlight=*:*
Unknown (1950),James T. Ferguson,./record/53500?highlight=*:*
Untitled - Greenhouse (1965-1966),James B. Thomson,./record/99448?highlight=*:*
Unknown (1952),Alastair Fairweather,./record/50422?highlight=*:*
Unknown (1960),Alan M. Alexander,./record/50595?highlight=*:*
"Metope 32, south entablature, Parthenon (1837)",NA,./record/20646?highlight=*:*
Untitled (1983),Robert Rivers,./record/99803?highlight=*:*
Self Portrait (1949),Alison E. H. Stuart,./record/122762?highlight=*:*
Unknown,Sean Byrne,./record/53600?highlight=*:*
Unknown,Unknown,./record/53504?highlight=*:*
Untitled (Unknown),Anna Richardson,./record/21937?highlight=*:*
Townscape in Snow (1980s),Paul Furneaux,./record/21434?highlight=*:*
"Metope 7, from entablature of the Parthenon (1837)",NA,./record/20642?highlight=*:*
Radio Break (2006),Chris Nau,./record/99879?highlight=*:*
Untitled - Life Drawing of Reclining Female in Dress (1962),Isobel T Johnstone,./record/99251?highlight=*:*
Untitled (Unknown),David C Duke,./record/21980?highlight=*:*
Sean Connery as a Life Model (1952),Alastair Fairweather,./record/22598?highlight=*:*
Untitled (1960),Robert L Snowden,./record/21543?highlight=*:*
Digging Peat (Circa 1952),Maureen Baird,./record/122836?highlight=*:*
Standing Female Nude holding Basket (25 JAN 1959),Barbara Strachan,./record/20871?highlight=*:*
Woman Seated on Sofa (May 1963),John Bellany,./record/20779?highlight=*:*
Unknown (1950),Zygmunt Bukowski,./record/53555?highlight=*:*
Playground (1989),Linda Gilliard,./record/22634?highlight=*:*
Game Birds,George Glen,./record/53607?highlight=*:*
Untitled (Unknown),[Unknown] Black,./record/22022?highlight=*:*
Urban Scene,Paul J Donaldson,./record/21446?highlight=*:*
Still Life with Green Boots and Knotted Rope (1987),Sheila Arnot,./record/22543?highlight=*:*
Untitled (2006),Hannah Jasper,./record/99856?highlight=*:*
Seated Female Nude at Washbasin (1946),Marjorie H. McLachlan,./record/122790?highlight=*:*
Untitled (2007),Malin Johanson,./record/99977?highlight=*:*
Untitled (1995-1996),Arabella Harvey,./record/21722?highlight=*:*
Three Standing Female Nudes (1957),Andrew Conkie,./record/20926?highlight=*:*
Espresso Cup (1920s),Emma Gillies,./record/53700?highlight=*:*
Fragment of ornament (spandrel shape),Unknown,./record/20565?highlight=*:*
Male Nude in pose of Rodin's 'Thinker' (1957),Hylda M Sutcliffe,./record/20830?highlight=*:*
Untitled (1961),Norma Kirk,./record/22010?highlight=*:*
Unknown (1989),Heather Macdonald,./record/50428?highlight=*:*
Unknown,Unknown,./record/50406?highlight=*:*
"Mountains, Arran (Unknown)",Catherine Orbach,./record/21968?highlight=*:*
Unknown (1950),Katherine B K Burns,./record/50571?highlight=*:*
Ashes and Diamonds (Unknown),David Freed,./record/21654?highlight=*:*
Portrait of a Man,Robin E. Bownass,./record/22669?highlight=*:*
Untitled (1966),Helen G. S Forde,./record/99815?highlight=*:*
Plate (1920s),Emma Gillies,./record/122128?highlight=*:*
Untitled (Unknown),Ross Thomson,./record/21725?highlight=*:*
Cow (1920s),Emma Gillies,./record/53757?highlight=*:*
Untitled (1969),Richard Easson,./record/99832?highlight=*:*
Santa Maria Della Salute,William Wilson,./record/21652?highlight=*:*
Portrait of a Seated Man,Finlay Purvis,./record/21518?highlight=*:*
Yellow Abstract with Half People,Jim Mooney,./record/22530?highlight=*:*
Portrait of a Man (1956),Unknown,./record/21258?highlight=*:*
Emerging (1987),Paul Furneaux,./record/111441?highlight=*:*
In''Head (1973),Catherine Freeland,./record/112355?highlight=*:*
Design folio (1961),Sheila Flinn,./record/102686?highlight=*:*
Industrial Landscape,Unknown,./record/123292?highlight=*:*
Untitled,Unknown,./record/99919?highlight=*:*
Unknown,Jeffery Camp,./record/50563?highlight=*:*
Anatomical figure of legs (Unknown),Unknown,./record/20599?highlight=*:*
Untitled (Unknown),Unknown,./record/99915?highlight=*:*
Brick coloured woven fragment,Unknown,./record/102701?highlight=*:*
Back of Standing Female Nude,Alastair Fairweather,./record/50426?highlight=*:*
Goddess Nike unfastening her sandal (1984),Vincent Butler,./record/20624?highlight=*:*
Portrait of a Woman in a Pink Dress (Circa 1908),Agnes Sim,./record/122890?highlight=*:*
Portrait of Fred McDonald (1947),Eric Forrest,./record/50589?highlight=*:*
Five Senses No.3 - Sense of Smell (2006),John Schulz,./record/99872?highlight=*:*
Abstract in Brown and Blue (1988),George M. Glen,./record/22544?highlight=*:*
Untitled (Unknown),Unknown,./record/21707?highlight=*:*
Composition of Two Figures on Yellow* (1968),Alan T. Johnston,./record/22624?highlight=*:*
Unknown (1946),Norma Forrest,./record/50590?highlight=*:*
Standing Female Nude (1953),Fiona M Mouat,./record/21049?highlight=*:*
Portrait of a Woman (1954),Nita Newman,./record/21209?highlight=*:*
Goddess Nike unfasterning her sandal (1984),Vincent Butler,./record/20629?highlight=*:*
Unknown (1963),James T Carlyle,./record/50501?highlight=*:*
Untitled,NA,./record/20661?highlight=*:*
"Metope 28, south entablature, Parthenon (1837)",NA,./record/20647?highlight=*:*
Untitled (1965),Peter Pretsell,./record/99791?highlight=*:*
Unknown (1960),Thora Clyne,./record/50558?highlight=*:*
Teapot,Emma Gillies,./record/53745?highlight=*:*
Abstract Composition in Green with Curved Recess (1967),George M. Donald,./record/22509?highlight=*:*
Untitled (1965),Wilson,./record/22485?highlight=*:*
Tuscan Landscape (1956),Elizabeth Blackadder,./record/99214?highlight=*:*
Abstract on Blue*,Unknown,./record/22536?highlight=*:*
Abstract Portrait of Two Figures (1953),Iain West,./record/20850?highlight=*:*
Edinburgh College of Art Postgraduate Degree Show 1986 (1986),Andrew Arnott,./record/21583?highlight=*:*
South Frieze of the Parthenon Frieze (1836-1837),NA,./record/20693?highlight=*:*
Unknown (1946),Allan Lefley,./record/50484?highlight=*:*
Men’s smock (19th Century),Unknown,./record/100012?highlight=*:*
Self Portrait (Circa 1951),Barbara C. Balmer,./record/122917?highlight=*:*
Unknown (Unknown),Unknown,./record/21548?highlight=*:*
Unknown,Elizabeth J. Currie,./record/50380?highlight=*:*
Crying (2014),Rachel Hill,./record/47448?highlight=*:*
Goats Feeding (1974),Anthony Gross,./record/21748?highlight=*:*
South Frieze of the Parthenon Frieze (1836-1837),NA,./record/20692?highlight=*:*
Untitled (1962),Helen Wishart,./record/21764?highlight=*:*
Snow Covered Landscape (Circa 1984),Sheila Arnot,./record/21479?highlight=*:*
Untitled (2006),Zeynep Arman,./record/99876?highlight=*:*
Large Cheeseplant,Susan Alexander,./record/50377?highlight=*:*
Portrait of a Seated Woman (1961),Robin Forrester,./record/21295?highlight=*:*
Unknown (1950),James Bowman,./record/50609?highlight=*:*
Standing Female Nude (possibly),Rose Rifat,./record/21236?highlight=*:*
Portrait of a Woman's Head (1957),Erica M Thomas,./record/20841?highlight=*:*
"Street scene from the window, Florence, 1947 (1947)",Marjorie Wallace,./record/50447?highlight=*:*
Jug (1920s),Emma Gillies,./record/53722?highlight=*:*
Seated Woman,Ruari MacLeod,./record/21497?highlight=*:*
Untitled,Unknown,./record/102726?highlight=*:*
Death Mask (2) (1964),H. Dempshall,./record/21649?highlight=*:*
Preparatory Sketch (1960),Marjory Dickson,./record/53529?highlight=*:*
Frieze from the Temple of Athena Nike (2nd left) (1827),NA,./record/20626?highlight=*:*
Three Views of a Standing Male Nude (1948),John Thompson,./record/20844?highlight=*:*
Male Nude Seated (Circa 1949),Alistair F. Flattely,./record/122919?highlight=*:*
Abstract with Blue Stripes (quadriptych) (1969),Ian G. Robertson,./record/22570?highlight=*:*
Unknown (1957),Rupert F C Cracknell,./record/50539?highlight=*:*
Untitled - Abstract Stripes (1972),Lindsay R S Gordon,./record/99423?highlight=*:*
Big Black Crow Valley (1988),Joanna De Pear,./record/99464?highlight=*:*
Untitled (Unknown),Unknown,./record/21598?highlight=*:*
Distortion 1 (2014),Ainsley Francis,./record/47452?highlight=*:*
Untitled (1968),Gillian Mather,./record/22500?highlight=*:*
Untitled (1969),James Fleming,./record/22489?highlight=*:*
Replica cast (brown) of Parthenon slab GE33,Unknown,./record/20657?highlight=*:*
Abstract Composition (1962),James T Carlyle,./record/21280?highlight=*:*
Seated Female Nude (03 OCT 1957),Sheena McEwan,./record/20899?highlight=*:*
Untitiled (1960),Robert L Snowden,./record/21540?highlight=*:*
Unknown (Circa 1986),Audrey C. Redpath,./record/50434?highlight=*:*
Unknown,Unknown,./record/53541?highlight=*:*
Still Life with Teapot,Bull,./record/20757?highlight=*:*
Standing Male Nude (JAN 1958),Walter Miller,./record/20907?highlight=*:*
Yellow (1947),Charles D. Pulsford,./record/122745?highlight=*:*
Espresso Cup (1920s),Emma Gillies,./record/53695?highlight=*:*
Scaffolding - 'Formasons Stone Renovators Edinburgh',Ian Johnstone,./record/21506?highlight=*:*
Body (2014),Rachel Hill,./record/47447?highlight=*:*
Metope South 26 from the Parthenon (1837),NA,./record/20644?highlight=*:*
Male and Female against Abstract Backgrounds (1967),George M. Donald,./record/122838?highlight=*:*
Two Traffic Lights at Blue (1989),Alastair Clark,./record/21893?highlight=*:*
Life Drawing (Female Nude with Knee on Chair) (1962),John Bellany,./record/20765?highlight=*:*
Bust of an African,Unknown,./record/20556?highlight=*:*
Bull Fight (1956),Alexander S Campbell,./record/21417?highlight=*:*
Unknown,Unknown,./record/50383?highlight=*:*
Figure Composition in Pale Yellow (1967),Laurence Roche,./record/123102?highlight=*:*
Face on Water (2018),Paul Furneaux,./record/21646?highlight=*:*
El Portento (1951),Edward A. Gage or Valerie A. Cockburn (Gage),./record/22676?highlight=*:*
South Frieze of the Parthenon Frieze (1836-1837),NA,./record/20694?highlight=*:*
1.(a) Meccarama Serif (1972),Anthony Benjamin,./record/21668?highlight=*:*
Smocking diagrams,Unknown,./record/102710?highlight=*:*
Illegible title,Thora Clyne,./record/112308?highlight=*:*
Florence (JAN 1956),John P Busby,./record/21382?highlight=*:*
Head Drawing (1969),John Stewart,./record/22487?highlight=*:*
Untitled (Unknown),Kirkland Main,./record/21938?highlight=*:*
Portrait of a Seated Woman (1957),Sheena McEwan,./record/21008?highlight=*:*
Unclassified (2003),Charles E. Milson,./record/99933?highlight=*:*
Unknown (1950),Unknown,./record/53506?highlight=*:*
White Matter (2013),Marissa Stoffer,./record/47446?highlight=*:*
Portrait of a Woman (1964),Peter Pretsell,./record/21421?highlight=*:*
Espresso Saucer (1920s),Emma Gillies,./record/53688?highlight=*:*
Unknown (1957),Andrew P. W. Conkie,./record/50522?highlight=*:*
Cushendun (08 APR 1968),Unknown,./record/21496?highlight=*:*
Portrait of a Woman (1951),Madelaine Philip,./record/21233?highlight=*:*
Side Plate,Emma Gillies,./record/53617?highlight=*:*
Tombstone 1693 (1989-1990),Aline McLeod,./record/21470?highlight=*:*
Siena (1956),John P Busby,./record/53502?highlight=*:*
Discobolus (without head),Unknown,./record/20591?highlight=*:*
South Frieze of the Parthenon Frieze (1836-1837),NA,./record/20691?highlight=*:*
Wall hanging (1939),Unknown,./record/100009?highlight=*:*
Study for completed image (1960),Vivien Alexander,./record/50624?highlight=*:*
Riders from West Frieze of the Parthenon (1836-1837),NA,./record/20663?highlight=*:*
Untitled - Shoes and a Polka Dot Blouse (1983-1984),David Douglas,./record/99432?highlight=*:*
Seated Male Nude (1951),James P W Syme,./record/20837?highlight=*:*
Study for Hugh McDiarmid Memorial (Circa 1986),Jake Harvey,./record/21810?highlight=*:*
Fidelity (Unknown),Alan T. Johnston,./record/21805?highlight=*:*
Seated Goddesses from the Parthenon (east pediment) (Pre 1830),Westmacott,./record/20630?highlight=*:*
Hand of God (1989-1991),Paul Rooney,./record/21873?highlight=*:*
Male Portrait (1949),Sheena Page,./record/20773?highlight=*:*
Untitled (Unknown),Andrew Parkinson,./record/21632?highlight=*:*
Jug (1920s),Emma Gillies,./record/122133?highlight=*:*
Unknown,Unknown,./record/53581?highlight=*:*
Unknown (1950),Valerie A. Cockburn (Gage),./record/50552?highlight=*:*
Untitled (1964),Carole Danielson,./record/22483?highlight=*:*
Camel (Unknown),Margaret Clyde,./record/21692?highlight=*:*
Unknown,Britton,./record/50374?highlight=*:*
Seated Female Nude (1953),Laura Nye,./record/21117?highlight=*:*
Portrait of a Woman (1952),Ruth M. L. Walker,./record/123336?highlight=*:*
"Circo Togni, Ravenna (1957)",Peter McGinn,./record/21115?highlight=*:*
Seated Male Nude (1955),Rosemary Gray,./record/21188?highlight=*:*
Seated Female Nude (1959),William Mackay,./record/21162?highlight=*:*
Portrait of a Girl (1949),Leszek T. Muszynski,./record/22682?highlight=*:*
Edinburgh Old Town Cityscape (1950),Alastair Flattely,./record/21375?highlight=*:*
Lamb (1920s),Emma Gillies,./record/122126?highlight=*:*
Sugar Bowl,Emma Gillies,./record/53724?highlight=*:*
Standing Male Nude leaning on a Plinth (1959),George MacIntosh,./record/20885?highlight=*:*
Unknown (1952),Leonard I. H. Gray,./record/53488?highlight=*:*
Bust of Queen Nefertiti (White) (Unknown),Unknown,./record/20622?highlight=*:*
"Still Life with Bottles, Vases and Striped Drape (Circa 1957)",Andrew P. W. Conkie,./record/122862?highlight=*:*
Portrait of a Man (1966),George Donald,./record/21255?highlight=*:*
Portrait of Man in a Cap (1950),Thomas Murray,./record/21073?highlight=*:*
Angel of Lude,Unknown,./record/20551?highlight=*:*
Unknown (APR 1964),Jean Fayrer,./record/50498?highlight=*:*
Untitled - Reclining Nude Female (1970-1971),James McGlade,./record/99440?highlight=*:*
Unknown (1950),Thomas Clapperton,./record/50561?highlight=*:*
Untitled (2007),Regine Osbakk,./record/99896?highlight=*:*
Costume Study (1946),Alexander Cree,./record/50542?highlight=*:*
Abstract,V. Constant,./record/111446?highlight=*:*
Unknown (1987),Robert Runas(?),./record/21950?highlight=*:*
Seated Female Nude (1953),George Hamilton,./record/20931?highlight=*:*
Portrait of a Young Man (1950),Joseph Maxwell,./record/21060?highlight=*:*
Rothering (1947),Dorothy M. Peach,./record/21739?highlight=*:*
Untitled (1985),Jason Praete,./record/21587?highlight=*:*
"Cast Study of 'Castor and Pollux', Roman Copy of Greek Original (1952)",Alastair Fairweather,./record/50421?highlight=*:*
Untitled (Unknown),Unknown,./record/99905?highlight=*:*
One mould and five wax portrait miniatures (Post 1860),Unknown,./record/20614?highlight=*:*
Untitled (Unknown),Unknown,./record/99920?highlight=*:*
Portrait of a Bearded Man (1950s),J Guthrie,./record/20975?highlight=*:*
Untitled (Unknown),Unknown,./record/21820?highlight=*:*
Unknown (Circa 1890),Unknown,./record/50461?highlight=*:*
Dispersion (1991),Alastair Clark,./record/21911?highlight=*:*
Natural Geometry series (a) (2015),Robin Crawford,./record/53771?highlight=*:*
Whale,Bridget Steed,./record/93374?highlight=*:*
Charioteers and horses from North Frieze of the Parthenon (1836-1837),NA,./record/20734?highlight=*:*
Railings in a Landscape (1962),James T Carlyle,./record/122850?highlight=*:*
Herrings,Unknown,./record/22670?highlight=*:*
Standing Male Nude,Jessie May Stirling,./record/20834?highlight=*:*
Princess Margaret tomb from Lincluden Collegiate Church (1912),Joseph Cavagnari,./record/20569?highlight=*:*
Untitled (1961),Sheila M Gilchrist,./record/99377?highlight=*:*
Collection of Botanical Illustration Days in One,Sylvia Mackiewicz,./record/21560?highlight=*:*
Untitled (Unknown),Paul Gladston,./record/21706?highlight=*:*
Unknown (1962),Kathleen Russell,./record/50503?highlight=*:*
Seated Figures and Flight of Stairs (1968),Ronald D. Forbes,./record/22521?highlight=*:*
Putto with a fish,Unknown,./record/20540?highlight=*:*
Untitled (1968),Maureen Purcell,./record/22504?highlight=*:*
Standing Female Nude (21 FEB 1956),Sheena McEwan,./record/20901?highlight=*:*
"A PHP Error was encountered Severity: Warning Message: Undefined array key ""dctitleen"" Filename: views/search_results.php Line Number: 98 A PHP Error was encountered Severity: Warning Message: Trying to access array offset on null Filename: views/search_results.php Line Number: 98 (1965)",Frances Sander,./record/99525?highlight=*:*
Teapot,Janet Gillies,./record/122543?highlight=*:*
Portrait of a Young Man (1960),Ann Macmillan,./record/20988?highlight=*:*
Small relief of a lady in a wimple,Unknown,./record/20612?highlight=*:*
Sleeping Female Nude (1948),James W. H. Cumming,./record/122866?highlight=*:*
Unknown (1985),Sarah Setchfield,./record/50432?highlight=*:*
Figures and Shadows,Unknown,./record/22645?highlight=*:*
Untitled (10 JAN 1961),John Picking,./record/111037?highlight=*:*
Jug (1920s),Emma Gillies,./record/122134?highlight=*:*
Abstract with Crescent in Turquoise and Blue (Circa 1962),James T Carlyle,./record/20760?highlight=*:*
Girl in a Mask (Unknown),Cecil Collins,./record/21681?highlight=*:*
Untitled (1953),Nil Bjorklund,./record/21685?highlight=*:*
Standing Female Nude (1953),Iain West,./record/20782?highlight=*:*
Cello playing Clown (Circa 1965),William Gillon,./record/21311?highlight=*:*
Fossil Life (1984),Wendy McMurdo,./record/21883?highlight=*:*
Untitled (1966-1967),James H. Fairgrieve,./record/99386?highlight=*:*
Untitled (1997),BORIS JOERI BRINK,./record/21985?highlight=*:*
Untitled (1968),Gerard McGeary,./record/22006?highlight=*:*
Seated and Standing Nudes (1959-1962),F. Milner,./record/99365?highlight=*:*
Portrait of a Woman (1956),John Sprakes DA (Edinburgh) PG (Edinburgh) ROI RBA MAFA,./record/21184?highlight=*:*
Highstreet Harlesden (1964-1965),Gordon Bryce,./record/99282?highlight=*:*
Seated Female Nude (1960s),Irene Scott,./record/21283?highlight=*:*
Untitled,Unknown,./record/102671?highlight=*:*
Standing Female Nude with a Stool (1959),Bruce Clapperton,./record/20912?highlight=*:*
Portrait of a Young Woman (1960),John Kerr,./record/20986?highlight=*:*
Untitled (1947),Esther W. Hamilton,./record/21731?highlight=*:*
Woman with Child and Still Life (1938),Catherine I. McIvor,./record/22512?highlight=*:*
Head Monotype No. 24 (1959),Alan M. Alexander,./record/50592?highlight=*:*
Victory (07 Jul 1946),Zygmunt Bukowski,./record/21322?highlight=*:*
Unknown (1947),Mabel D. Lawford,./record/50534?highlight=*:*
Riders from South Frieze of the Parthenon (1836-1837),NA,./record/20726?highlight=*:*
Untitled (1966),Forde,./record/22476?highlight=*:*
Little Bird (1985),Robert Adam,./record/21622?highlight=*:*
Seated Female Nude on Yellow Spread (Circa 1950),Thomas E. Clapperton,./record/122747?highlight=*:*
Dark Room with Blue Wall and Picture,Elizabeth Gourlay,./record/22539?highlight=*:*
Unknown (1950),George Roderick Carmichael,./record/50567?highlight=*:*
Woman in Fish Net,Unknown,./record/22537?highlight=*:*
Unknown (Unknown),Unknown,./record/21675?highlight=*:*
Woman with Pink Hair (1987),Henry Rogers,./record/21476?highlight=*:*
Bowl (1920s),Emma Gillies,./record/122130?highlight=*:*
Untitled (1967),Gwen Mackenzie,./record/21755?highlight=*:*
Untitled (1991),Joanna [Coffin?],./record/21871?highlight=*:*
Unknown (Unknown),Unknown,./record/21859?highlight=*:*
Portrait of Seated Woman (1965),William Gillon,./record/21343?highlight=*:*
Portrait of a Woman (1959),Barbara Strachan,./record/20869?highlight=*:*
Peets (1963),Deborah Eadie,./record/21754?highlight=*:*
Unknown (1953),D. Gordon Campbell,./record/53549?highlight=*:*
Peacock Study (1962-1963),Lesley M. Johns,./record/99331?highlight=*:*
For Sanfrancisco (Unknown),Andrew Arnott,./record/21606?highlight=*:*
Still Life with Button Mushrooms (1962),James T Carlyle,./record/122857?highlight=*:*
Portrait of a Woman (1958),Dorothy Durward,./record/20954?highlight=*:*
Untitled - Portrait of Woman in Profile (1963),Gordon Bryce,./record/99327?highlight=*:*
Untitled (Unknown),Unknown,./record/21610?highlight=*:*
Side Plate,Emma Gillies,./record/53615?highlight=*:*
Homage to Ernest Hemingway (Circa 1967),Michael Docherty,./record/20750?highlight=*:*
Untitled,Gwyneth Duff,./record/112450?highlight=*:*
Untitled (Unknown),Simon Yuill,./record/21638?highlight=*:*
Seated Male Nude,Unknown,./record/21509?highlight=*:*
Unknown (1950),John W. Corner,./record/50521?highlight=*:*
Untitled (1969),Moira Johnson,./record/22021?highlight=*:*
Fragment of ornament (right angle with foliage),Unknown,./record/20564?highlight=*:*
Untitled (2003),Gillian Curry,./record/99927?highlight=*:*
Ergastines from East Frieze of the Parthenon,NA,./record/20686?highlight=*:*
Grey Landscape (1962),Robert S. Crozier,./record/99797?highlight=*:*
Plate (1920s),Emma Gillies,./record/53714?highlight=*:*
Edinburgh College of Art Main Building,Takahiro Iwasaki,./record/53473?highlight=*:*
Portrait of a Woman with Red Hair (1963),Roger Cameron,./record/21320?highlight=*:*
Untitled,Peter Picket,./record/112449?highlight=*:*
Jag Drӧmmer (2006),Marjie Harlick,./record/99869?highlight=*:*
Study for Disaster Painting 2 (2024),Esther Forse,./record/123747?highlight=*:*
Untitled (2002),Lindsey Edghill,./record/99924?highlight=*:*
Crow (2007),Katie Devenish,./record/99892?highlight=*:*
Horses from South Frieze of the Parthenon (1836-1837),NA,./record/20732?highlight=*:*
Black and White Abstract (1956),Eric Ritchie,./record/20802?highlight=*:*
Portrait of a Standing Woman (1950),Edward Stratton,./record/20825?highlight=*:*
Unknown (1946),Allan Lefley,./record/50487?highlight=*:*
Portrait of a Man (1939-1940),James Gordon,./record/21096?highlight=*:*
Rebecca Crompton tray,Rebecca Crompton,./record/102696?highlight=*:*
Self Portrait,Claudia Petretti,./record/122706?highlight=*:*
Riders from the West Frieze of the Parthenon (1836-1837),NA,./record/20668?highlight=*:*
Unknown (1949),Shand C. Hutchison,./record/50530?highlight=*:*
Autumn (1962),Robert S. Crozier,./record/112310?highlight=*:*
Portrait of a Girl in Shirt and Tie (1962),Jean M. A. Conacher,./record/122809?highlight=*:*
Self Portrait (1956),Rose Rifat,./record/21189?highlight=*:*
"Lloret de Mar, Costa Brava (1958)",Joan F. Biggins,./record/50614?highlight=*:*
Yellow Hearted Man in Hat*,Unknown,./record/122789?highlight=*:*
Male Figure in Black Shaft and Household Appliances (Circa 1989),Paul Rooney,./record/22520?highlight=*:*
Bournemouth (Rock Roses Out) (1966),Kathleen Russell,./record/99523?highlight=*:*
Untitled (Unknown),Derek McGuire,./record/21912?highlight=*:*
Standing Woman (1950),John Parnell,./record/21067?highlight=*:*
Seated Female Nude (1959),John O'Neill,./record/21155?highlight=*:*
Tajna Crne Ruke (1983),Boris Bućan,./record/22030?highlight=*:*
Unknown,Unknown,./record/53552?highlight=*:*
House and Garden,Colin Campbell,./record/21435?highlight=*:*
2122 Pieces (Nov 2007),Matt Carter,./record/21812?highlight=*:*
Portrait of a Woman Standing (1957),Rosemary Bagshawe,./record/21221?highlight=*:*
Portrait of a Young Woman Sketching (1959),Denness Morton,./record/20887?highlight=*:*
Crouching Venus (1834),Sarti,./record/20572?highlight=*:*
Portrait (1976),Alison J. Michie,./record/122714?highlight=*:*
Untitled - Two Women (1961),Gavin Waddell,./record/99455?highlight=*:*
The Bone Orchard,Alastair Flattely,./record/21498?highlight=*:*
Seated Female Nude on Chair (Unknown),Kirkland Main,./record/123770?highlight=*:*
3 Paps of Jura (Unknown),Catherine Orbach,./record/21981?highlight=*:*
Untitled (2014),Layla Kerley,./record/47454?highlight=*:*
Espresso Saucer (1920s),Emma Gillies,./record/53680?highlight=*:*
Unknown (1950-1951),Valerie A. Cockburn (Gage),./record/50557?highlight=*:*
Candle and Shell at Sea* (1987),Donald Clark,./record/22729?highlight=*:*
Bow of Fishing Boat (1969),John H McKerrell,./record/99356?highlight=*:*
Abstract Male Nude in Landscape (1965),William Gillon,./record/21313?highlight=*:*
Life Float and Boat,Ashley McCormick,./record/21478?highlight=*:*
House in a Landscape,Unknown,./record/21501?highlight=*:*
Skeleton and Flowers (1958-1959),Peter Standen,./record/20794?highlight=*:*
Unknown (1938),Betty M. Ferguson,./record/53522?highlight=*:*
Untitled (1981),Jo de Pear,./record/21922?highlight=*:*
Seated Male Nude (1950s),John Houston,./record/21044?highlight=*:*
Standing Male Nude (1958),Richard McNeill,./record/20892?highlight=*:*
Female Portrait (verso),John Whittaker,./record/22739?highlight=*:*
Milk Jug (1920s),Emma Gillies,./record/53677?highlight=*:*
Seated Male (1955-1956),Eric Ritchie,./record/20801?highlight=*:*
Untitled (1965),Laura McPherson,./record/99390?highlight=*:*
Untitled,Derek Reid,./record/22725?highlight=*:*
Riders from the North Frieze of the Parthenon (1836-1837),NA,./record/20700?highlight=*:*
Mallia (1967),Isobel T Johnstone,./record/99254?highlight=*:*
Unknown (1964),Helen Cargill,./record/50500?highlight=*:*
Monochrome Cityscape (Circa 1976),Martin Churchill,./record/22586?highlight=*:*
On Beinn na Lice (Unknown),Hazel Holmes,./record/21943?highlight=*:*
Plate (1920s),Emma Gillies,./record/53712?highlight=*:*
Seated Female Nude (1957),Colin Turner,./record/20966?highlight=*:*
Untitled - Street View of Rooftops and Chimneys (1967-1968),Eileen E M Lawrence,./record/99260?highlight=*:*
Abstract Composition in Black and Green (Circa 1967),George M. Donald,./record/122834?highlight=*:*
West Frieze of the Parthenon (1836-1837),NA,./record/20673?highlight=*:*
Unknown (1974),Richard Wiatrek,./record/50394?highlight=*:*
Untitled (1969),James Fleming,./record/22491?highlight=*:*
Portrait of a Man (1959),Grace Nichol,./record/21119?highlight=*:*
Untitled - Figure Drawing of Semi-Nude Male with Water Jug (1964),Gordon Bryce,./record/99284?highlight=*:*
West Frieze of the Parthenon (1836-1837),NA,./record/20675?highlight=*:*
Drawing of Monaghan (1955),Edith Duke,./record/21217?highlight=*:*
Italian quilting in frame,Unknown,./record/102666?highlight=*:*
Landscape (1968),Alison Hutton,./record/21272?highlight=*:*
Unknown (1981),Hazel McGlashan,./record/50416?highlight=*:*
Untitled (1967),Kirkland Main,./record/21872?highlight=*:*
"Still Life with Jug of Flowers, Goblet and Fruit",Sir William George Gillies,./record/20753?highlight=*:*
A Cup Of Wine Together Will Make Us Glad- And A Little Friendship Is No Little Matter (1985),Elaine M. Stenning,./record/99334?highlight=*:*
Unknown (JUN 1987),Hazel Sutherland,./record/53606?highlight=*:*
"Trawlers, Granton Harbour (1951)",John W. Corner,./record/21829?highlight=*:*
Unknown (1950),James T. Ferguson,./record/53498?highlight=*:*
Milkweed (1952),Margaret Lowengrund,./record/21676?highlight=*:*
Untitled (2002),Michelle Samour,./record/99941?highlight=*:*
Unknown,Zygmunt Bukowski,./record/53559?highlight=*:*
Untitled - Five Miners (1963),Felicity J Bostock,./record/99372?highlight=*:*
"St. Martins Bridge, Toledo (Unknown)",William Wilson,./record/21775?highlight=*:*
Untitled (Unknown),Catherine Temple,./record/21605?highlight=*:*
Untitled (Unknown),Frank Thomson,./record/21717?highlight=*:*
Untitled (1983),Robert Rivers,./record/99809?highlight=*:*
Saucer,Emma Gillies,./record/53658?highlight=*:*
Teacup,Emma Gillies,./record/53643?highlight=*:*
Seated Female Nude (1959),W Bryden,./record/21107?highlight=*:*
Untitled (Unknown),Unknown,./record/21709?highlight=*:*
Untitled (1986),Dorothy Black,./record/21588?highlight=*:*
Seated Female Nude,Lucy Bowman,./record/21443?highlight=*:*
Portrait of a Woman (1959),Jean I. Beattie,./record/20918?highlight=*:*
Untitled,Brian Caster,./record/112345?highlight=*:*
Standing Female Nude (1952),Douglas Kerr,./record/21224?highlight=*:*
Coronation Jug (1953),Mollie E N Langlands,./record/22507?highlight=*:*
Still Life with Fish (1961),Jean M. A. Conacher,./record/22723?highlight=*:*
Untitled (1960),Elizabeth M. Hansen,./record/99839?highlight=*:*
Thanks for Help and Support (JUN 2002),Sabine Lechner,./record/21878?highlight=*:*
Cushion,Winsome Douglass,./record/113831?highlight=*:*
Portrait of a Young Woman (1965),Irene Scott,./record/21292?highlight=*:*
Untitled (1960),Robert L Snowden,./record/21539?highlight=*:*
Portrait of a Man with a Beard (1959),Alan Kemp,./record/20903?highlight=*:*
Four Prints (2007),Paul Laidler,./record/99965?highlight=*:*
Untitled (1965),Laura McPherson,./record/22482?highlight=*:*
The Deposition (Circa 1966),Roy M. W. Cameron,./record/22605?highlight=*:*
Seated Woman holding Hat (Jun 1961),John Bellany,./record/20768?highlight=*:*
Sitting Man (Circa 1966),George M. Donald,./record/122840?highlight=*:*
West Frieze of the Parthenon (1836-1837),NA,./record/20665?highlight=*:*
Unknown (1981-1985),Lindsay Marshall,./record/53564?highlight=*:*
Standing Male Nude (1939-1940),James H Donaldson,./record/21124?highlight=*:*
Jug (1920s),Emma Gillies,./record/122540?highlight=*:*
Seated Female Nude (1954),Edith Fraser,./record/21249?highlight=*:*
Untitled (Unknown),Moyna Flannigan,./record/21933?highlight=*:*
Seated Female Nude (1939-1940),Robert A Campbell,./record/21128?highlight=*:*
Seated Woman in Blanket (1965),William Gillon,./record/21325?highlight=*:*
The Three Tyches,Unknown,./record/20533?highlight=*:*
Riders from South Frieze of the Parthenon (1836-1837),NA,./record/20727?highlight=*:*
Rockpools,Rosemary Reid,./record/20762?highlight=*:*
Seated Female Nude (Circa 1953),Fiona M Mouat,./record/122824?highlight=*:*
Standing Male Nude (1952),Adam Robson,./record/20810?highlight=*:*
Small armorial panel (Unknown),Unknown,./record/20613?highlight=*:*
Dining Table,John Houston,./record/21045?highlight=*:*
Notations: Edinburgh (2017),India Elizabeth Cawley Gelling,./record/100016?highlight=*:*
The Etiquette of Landscape and Face: Passage 1 (2015),Leonie Neuweger,./record/53781?highlight=*:*
Metope 3 from entablature of the Parthenon (1837),NA,./record/20640?highlight=*:*
Ayrshire christening robe (1800-1899),Unknown,./record/102680?highlight=*:*
Camp II (1982),Reinhard Behrens,./record/99465?highlight=*:*
Unknown (1948),William D Clyne,./record/50578?highlight=*:*
Untitled (2007),Johan Wahlgren,./record/99980?highlight=*:*
Portrait of the sad bed (2002),Jan Vaibaraite,./record/99989?highlight=*:*
Abstract Composition in White with Circle (1989),Linda A. Henniker,./record/22514?highlight=*:*
Replica cast of Partheon frieze GE32,Unknown,./record/20654?highlight=*:*
Seated Female Nude,Euan Gray,./record/122854?highlight=*:*
Couple with Chauffer and Limousine (1964),William M. McG. Gillon,./record/122684?highlight=*:*
Untitled,Roy M. W. Cameron,./record/112350?highlight=*:*
Goat (1920s),Emma Gillies,./record/53746?highlight=*:*
Cryptogam (1991),Unknown,./record/21794?highlight=*:*
Splashes on Dark (1995),Robert Eaglesham,./record/122721?highlight=*:*
Kneeling Male Nude (1953),Peter Brady,./record/20967?highlight=*:*
View of Edinburgh Castle,Unknown,./record/122763?highlight=*:*
Seated Female with Red Cape (1953),Mary C. A. Edmond,./record/123110?highlight=*:*
Unknown (1957),Peter Crorkin,./record/50509?highlight=*:*
Standing Female Nude (1948),Victorine Anne Schilsky,./record/20833?highlight=*:*
Self Portrait (1947),Marjorie Wallace,./record/50441?highlight=*:*
"Head of a Young Girl, 1465 (Unknown)",Unknown,./record/20570?highlight=*:*
Two Women,J Nicoll,./record/21473?highlight=*:*
Portrait of Two Heads (1952),Ian Lawson,./record/21015?highlight=*:*
Jug (1920s),Emma Gillies,./record/122539?highlight=*:*
Portrait of a Bearded Man with Bow Tie,Unknown,./record/22611?highlight=*:*
Seated Female Nude (1959),R Williamson,./record/20951?highlight=*:*
Male Model Sitting (1965),Sandra E. Millar,./record/122743?highlight=*:*
Gothic figure of a deacon,NA,./record/20604?highlight=*:*
Making the World Safe for Capitalism (Unknown),Kenny Grant,./record/21819?highlight=*:*
___ in Rosyth the Leaf Skeletons Lay on the Pitch,Sylvia Mackiewicz,./record/21559?highlight=*:*
Mythological Landscape (diptych) (1990),Robert Euman,./record/22577?highlight=*:*
Bust of the Prima Porta Augustus Caesar (Post 1863),Unknown,./record/20549?highlight=*:*
Unknown (1952),Rosemary Bagshaw,./record/53516?highlight=*:*
Unknown (Circa 1890),Unknown,./record/50463?highlight=*:*
Untitled,Kathleen Russell,./record/99524?highlight=*:*
Chimneypiece from a house in Le Mans,Unknown,./record/20553?highlight=*:*
Barcelona Suite (Circa 1974),Gavin Robson,./record/122894?highlight=*:*
Seated Male Nude (Sean Connery) (1952),Ian Lawson,./record/21418?highlight=*:*
Farmer with Scythe (1950s),John Houston,./record/21048?highlight=*:*
Replica cast (brown) of Partheon slab PF045 US09,Unknown,./record/20658?highlight=*:*
Head of Lorenzo de' Medici (Circa 1836),Aristodemo Costoli,./record/20541?highlight=*:*
Nude in Studio Interior (1896),Samuel John Peploe,./record/20739?highlight=*:*
Untitled (JUN 1993),Norman Ackroyd,./record/21798?highlight=*:*
Welshness Interviews (2022-2023),Ffion Williams,./record/123693?highlight=*:*
Fragments #1 (1990),Robert Euman,./record/22639?highlight=*:*
Reclining Woman (1950),Thomas Murray,./record/21072?highlight=*:*
Portrait of a Girl in a White Cardigan,Nita Newman,./record/122712?highlight=*:*
Portrait of a Woman (1957),Unknown,./record/21257?highlight=*:*
Female Nude Adjusting Shoe (Recto)/ Seated Female Nude (Verso) (1948),John Thompson,./record/20843?highlight=*:*
Portrait of a Man (Side View) (1958),Peter Standen,./record/20864?highlight=*:*
Standing Nude (1952),Mollie E N Langlands,./record/21018?highlight=*:*
Unknown (1960),Vivien Alexander,./record/50626?highlight=*:*
Portrait of a Young Man (recto) (1951),Alistair M Park,./record/122685?highlight=*:*
Untitled,Unknown,./record/102727?highlight=*:*
Simon and Simon (1986),Amanda Lebus,./record/21585?highlight=*:*
'Heroes' and 'Gods' East Frieze of the Parthenon (1836-1837),NA,./record/20682?highlight=*:*
Still Life with Slice of Melon (1957),Alexander S Campbell,./record/122916?highlight=*:*
Untitled (11 May 1962),John Nelson,./record/21643?highlight=*:*
Abstract Composition with Blue Stripes (1969),Ian G. Robertson,./record/22562?highlight=*:*
Shouting Boys,Karol Prentice,./record/22573?highlight=*:*
Altarpiece of the Coronation of the Virgin,Unknown,./record/20563?highlight=*:*
Untitled (1963),Iona Murray,./record/99403?highlight=*:*
Portrait of a Young Man Poised to Throw,James P W Syme,./record/20838?highlight=*:*
Man (Circa 1977),Alfons Bytautas,./record/122795?highlight=*:*
Lovers and birds (1963),Norman Thom,./record/99418?highlight=*:*
Espresso Saucer (1920s),Emma Gillies,./record/53687?highlight=*:*
Untitled (1962),F. Milner,./record/21761?highlight=*:*
Unknown (1950),Alastair Flattely,./record/50585?highlight=*:*
Standing Male Nude (Circa 1952),John Houston,./record/21350?highlight=*:*
Reclining Nude (1952),James P W Syme,./record/20840?highlight=*:*
Standing Female Nude (1949),Zygmunt Bukowski,./record/22516?highlight=*:*
Life Study of Two Nude Models,Scott Lauder,./record/122698?highlight=*:*
View of a Caravan (1990s),Peter McGoldrick,./record/21427?highlight=*:*
Masked Divers,Robin S. Taylor,./record/22683?highlight=*:*
Portrait of a Woman (1956),John Sprakes DA (Edinburgh) PG (Edinburgh) ROI RBA MAFA,./record/21191?highlight=*:*
Unknown (1901),George Bain,./record/50457?highlight=*:*
Coffee Pot (1920s),Emma Gillies,./record/53691?highlight=*:*
Landscape (1952),James P W Syme,./record/20839?highlight=*:*
Seated Male Nude (1959),Denness Morton,./record/21079?highlight=*:*
Carnival Man*,Leonard I. H. Gray,./record/122847?highlight=*:*
Untitled (Unknown),Unknown,./record/99858?highlight=*:*
Unknown (1958),Andrew P. W. Conkie,./record/50524?highlight=*:*
Untitled (2007),Patricio Esteban Briceno,./record/99964?highlight=*:*
Seated Female Nude (1954),Robert Fraser,./record/21242?highlight=*:*
Untitled - Sitting Figure (1992),Victoria A. James,./record/99462?highlight=*:*
Music is art that colour your life with feelings (1999),Rumi Augusta Nogua,./record/102742?highlight=*:*
Miners (Circa 1949),Zygmunt Bukowski,./record/21369?highlight=*:*
Birds & Peonies (2002),Asuka Ohsawa,./record/99940?highlight=*:*
Untitled (2014),Rachel Hill,./record/47449?highlight=*:*
Untitled (1991-1992),Kate McKenzie,./record/21934?highlight=*:*
Standing Male Nude (1964),Kirkland Main,./record/122720?highlight=*:*
Untitled (1963),W. Douglas,./record/21768?highlight=*:*
Unknown,Elizabeth Blackadder,./record/50636?highlight=*:*
Untitled (Unknown),Unknown,./record/99908?highlight=*:*
Mythological Landscape (diptych) (1990),Robert Euman,./record/122910?highlight=*:*
Untitled (Circa 1960),Robert L Snowden,./record/21545?highlight=*:*
Untitled (20 Feb 2014),David C Duke,./record/21989?highlight=*:*
Untitled (Unknown),Unknown,./record/21778?highlight=*:*
Still Life with Doll (Circa 1975),Rona C. S. Anderson,./record/122893?highlight=*:*
Still Life with Glass Jug (1956),Andrew Smith,./record/122922?highlight=*:*
Seated Woman with Hand on Hip (1956-1959),Jacqueline A N Stieger,./record/20819?highlight=*:*
Portrait of a Woman (1958),Peter Stitt,./record/20958?highlight=*:*
Child's chinese headdress,Unknown,./record/102677?highlight=*:*
Unknown (1948),Eric Forrest,./record/50586?highlight=*:*
Bust of Queen Nefertiti (Coloured) (Unknown),Unknown,./record/20621?highlight=*:*
Untitled (Unknown),Unknown,./record/21573?highlight=*:*
Unknown (1960),John Gilbert,./record/53491?highlight=*:*
Skeletal Face with Long Hair (1985-1986),Graeme Murray,./record/99335?highlight=*:*
Seated Female Nude (1953),Andrew Restall,./record/20946?highlight=*:*
Woman in a Blue Background,Ian Paterson,./record/22696?highlight=*:*
Female Nude,Nicola Green,./record/122884?highlight=*:*
Untitled,Barbara Walton,./record/123509?highlight=*:*
Unknown (1947-1948),Marjorie Wallace,./record/50449?highlight=*:*
Reclining Nude Woman (Circa 1965),Euphemia (Fay) S. Wright,./record/122812?highlight=*:*
From Early Italian Poets (1974-1976),"Eduardo Luigi Paolozzi KBE, RA",./record/21001?highlight=*:*
Standing Female Nude (1953),Allan Sutherland,./record/20978?highlight=*:*
Riders from South Frieze of the Parthenon (1836-1837),NA,./record/20730?highlight=*:*
Venus de' Medici,Unknown,./record/20607?highlight=*:*
Small Anatomical Figure,NA,./record/20601?highlight=*:*
Extended Effect (2007),Karin Nogva,./record/99900?highlight=*:*
Portrait of a Man (1956),James Robertson,./record/21186?highlight=*:*
Portrait of a Man with a Book,Irene G. Thomson,./record/22655?highlight=*:*
Untitled (1986),Hilary A. Fisher,./record/21553?highlight=*:*
Unknown (1942),Ian Duff,./record/50579?highlight=*:*
Isabella of Aragon (green) (Post 1912),Unknown,./record/123567?highlight=*:*
Italian Landscape,Leon Francesco Morrocco,./record/122897?highlight=*:*
Replica cast (brown) of Parthenon slab FGE35 ?,Unknown,./record/20651?highlight=*:*
Extra Light Shoe (2016),Eden Hawkins,./record/99264?highlight=*:*
Replica cast (white) of GE33,Unknown,./record/20652?highlight=*:*
Saucer,Emma Gillies,./record/53656?highlight=*:*
Figure on Stage (1984),Robert A. C. MacLaurin,./record/122741?highlight=*:*
Postgraduate Degree Show 1986 (1986),Robert Adam,./record/21584?highlight=*:*
Unknown (1958),Beatrice Patricia Grimshaw,./record/53480?highlight=*:*
Aux cinq billiards (1963),Ann F Ward,./record/99340?highlight=*:*
Copper Engraving (1949),Alfred Hackney,./record/21826?highlight=*:*
Face on Water,Paul Furneaux,./record/21747?highlight=*:*
Standing Female Nude (1951),NA,./record/21068?highlight=*:*
Untitled (1961),Thora Clyne,./record/112309?highlight=*:*
The Calvaryman (1949),James W. H. Cumming,./record/122885?highlight=*:*
No. 98 (1960),John Johnstone,./record/99256?highlight=*:*
Unknown,Unknown,./record/53538?highlight=*:*
Untitled (Unknown),Unknown,./record/21711?highlight=*:*
Untitled (1969),Richard Easson,./record/99831?highlight=*:*
Horse (1920s),Emma Gillies,./record/53756?highlight=*:*
Unknown (1965),Laura McPherson,./record/50499?highlight=*:*
Cushion,Enid Mason,./record/123302?highlight=*:*
Saucer,Emma Gillies,./record/53633?highlight=*:*
3D impressing (2003),Jenn Schmidt,./record/99952?highlight=*:*
Portrait of a Man (1952),David Michie,./record/21384?highlight=*:*
Unknown (1962),Leslie Johns,./record/50479?highlight=*:*
Unknown (1975),Ruth Stiven,./record/99517?highlight=*:*
Seated Male Nude (1983-1984),Robert Maclaurin,./record/21522?highlight=*:*
Agricultural Tools,Alexander Curtis,./record/21505?highlight=*:*
Abstract Composition with Fabric Collage,Caroline E. L. Wilkinson,./record/22511?highlight=*:*
Head of a Companion of Odysseus,Unknown,./record/20583?highlight=*:*
Running goddess from east pediment of the Parthenon,NA,./record/20636?highlight=*:*
Unknown (1901),George Bain,./record/50458?highlight=*:*
Unknown (Unknown),Unknown,./record/21683?highlight=*:*
Untitled (1962),John Fraser,./record/99819?highlight=*:*
Big Handed Woman with Fur Collar (verso) (1953),Llewella C. Brayne,./record/22706?highlight=*:*
Two Greyhounds (1966-1967),James Fairgrieve,./record/21397?highlight=*:*
Standing Female Nude (1954),Margaret Proudfoot,./record/21253?highlight=*:*
Espresso Cup (1920s),Emma Gillies,./record/53703?highlight=*:*
Untitled (1997),Rachel Clark,./record/21875?highlight=*:*
"Coast of Aubrey, Largs (1990)",Karen Guthrie,./record/21686?highlight=*:*
Man in Spanish Costume (1955),Alexander S Campbell,./record/21317?highlight=*:*
Unknown (1949),Betty Elston,./record/50583?highlight=*:*
Street Scene (1964),Peter Pretsell,./record/21419?highlight=*:*
Three Views of a Standing Male Nude with hand on hip (1948),John Thompson,./record/20845?highlight=*:*
Fox Watch No.1 (1970),Alan Davie,./record/21695?highlight=*:*
Figures in a Landscape Mending Nets (Circa 1952),Dorothy H. N. Forrest,./record/122828?highlight=*:*
Near Limoges (1986),Jo Ganter,./record/21963?highlight=*:*
Unknown (1950),James T. Ferguson,./record/53497?highlight=*:*
Unknown,Hazel Holmes,./record/53598?highlight=*:*
Salmon Abstract,Catherine Fairgrieve,./record/22595?highlight=*:*
Teacup,Emma Gillies,./record/53635?highlight=*:*
Portrait of Man in Red Jacket (1968),Michael Docherty,./record/21178?highlight=*:*
Portrait of a Seated Woman in a Checked Shirt (Circa 1963),Irene G. Thomson,./record/122787?highlight=*:*
Horses from North Frieze of the Parthenon (1836-1837),NA,./record/20716?highlight=*:*
Harbour Scene 'KY16' (1964),John Bellany,./record/20743?highlight=*:*
"Female Faces, Lips and Dots (Circa 1960)",Jennifer M. Hughes,./record/22531?highlight=*:*
Untitled (1982),Alice Carter,./record/21579?highlight=*:*
Three Female Nudes (1952),Nicholas Patrick Rentiens,./record/21372?highlight=*:*
Untitled - Portrait of a Man in a Hat (1963),Anthony J Valentine,./record/99441?highlight=*:*
Grey Still Life (1948),Thomas M. B. Watt,./record/22653?highlight=*:*
Portrait of a Woman (1957-1958),Hillary Lewis,./record/21161?highlight=*:*
Unknown (1993),Rolandos Rimkunas,./record/99851?highlight=*:*
Profile of a Woman (1963),Leon Francesco Morrocco,./record/122974?highlight=*:*
Portrait of a Man,Eric Fleming,./record/21521?highlight=*:*
Seated Female Nude (1963),William Gillon,./record/21342?highlight=*:*
Untitled (2007),Jon McNaught,./record/99890?highlight=*:*
Seated Female Nude (Circa 1968),Alan T. Johnston,./record/20748?highlight=*:*
Unknown (NOV 1959),John Gilbert,./record/53493?highlight=*:*
Picnic at the New Bridge (1963),Alexander Moffat,./record/22473?highlight=*:*
Unknown (1952),Maureen Baird,./record/50623?highlight=*:*
Men at Work (1947-1948),Norma G Reid,./record/20829?highlight=*:*
Bathers (1950),Zygmunt Bukowski,./record/122853?highlight=*:*
Portrait of a Woman (1958),Irene M. Fotheringham,./record/22688?highlight=*:*
Untitled (1961),Paresh C. Chakraborty,./record/112305?highlight=*:*
Volterra (Circa 1920),William Crozier 1893-1930,./record/21179?highlight=*:*
Edinburgh Castle,J. McGonigal,./record/122750?highlight=*:*
Car Crash,Tim Stott,./record/93373?highlight=*:*
Untitled (1969),James Fleming,./record/22490?highlight=*:*
Standing Female Nude (31 MAR 1954),John P Busby,./record/21432?highlight=*:*
Opuntia Lencotricha (1993-1994),Jane Watt,./record/99457?highlight=*:*
Still Life in White and Grey,David Giblin,./record/21519?highlight=*:*
Still Life with Teapot (1952),Mollie E N Langlands,./record/22662?highlight=*:*
Untitled (DEC 1970),Kathryn M. Buchan,./record/21869?highlight=*:*
Reclining Female Nude (1960),Jean Ritchie,./record/20789?highlight=*:*
Untitled (1983),Robert Rivers,./record/99807?highlight=*:*
Pale Brushstrokes,Unknown,./record/122759?highlight=*:*
Abstract with Blue Stripes (quadriptych) (1969),Ian G. Robertson,./record/22569?highlight=*:*
Man with Concrete Jungle Record,Garry Campbell,./record/21426?highlight=*:*
"Bank of the Amstel, Amsterdam (30 AUG 1948)",Marjorie Wallace,./record/50448?highlight=*:*
Portrait of a Man (possibly),Claudia Petretti,./record/21441?highlight=*:*
Untitled (1997),Breda Flannagan,./record/21868?highlight=*:*
Putti with Candelabrum (left group),Unknown,./record/20539?highlight=*:*
Two Figures Talking Over a Wall (1967),Margaret Lothian,./record/99271?highlight=*:*
Standing Female Nude (1951),Ruth Wilson,./record/21230?highlight=*:*
Riders from the West Frieze of the Parthenon (1836-1837),NA,./record/20677?highlight=*:*
Untitled,William Breckenridge,./record/21458?highlight=*:*
Untitled (1995),John Wallbank,./record/21714?highlight=*:*
Norwegian Ponies (1953),Mollie E N Langlands,./record/99218?highlight=*:*
Untitled (Unknown),David C Duke,./record/21979?highlight=*:*
144 (2015),Mark Osborne,./record/53774?highlight=*:*
Plate (1920s),Emma Gillies,./record/53704?highlight=*:*
"Funerary Statue of Marcellus, nephew of Augustus",Unknown,./record/20587?highlight=*:*
Untitled (1962),Robert S. Crozier,./record/112312?highlight=*:*
South Frieze of the Parthenon Frieze (1836-1837),NA,./record/20696?highlight=*:*
Unknown (1960),Robin E. Bownass,./record/50606?highlight=*:*
Untitled (Purple) (2015),Phoebe Mitchell,./record/53778?highlight=*:*
Oscillation Three (2015),Mark Osborne,./record/53776?highlight=*:*
Untitled (1983),Robert Rivers,./record/99805?highlight=*:*
Seated Nude (Circa 1988),George M. Glen,./record/122705?highlight=*:*
Man in Night Street Scene (1987),Martin Kane,./record/122754?highlight=*:*
Abstract Pale Landscape,Laura Drever,./record/22594?highlight=*:*
Seated Male Nude (1954),Robert Fraser,./record/21243?highlight=*:*
Untitled,Unknown,./record/99861?highlight=*:*
Seated Male Nude (1961),Gwendoline Rodger,./record/21289?highlight=*:*
Schizophrenia (2007),Laura Guoke,./record/99903?highlight=*:*
Three Men and a Snake (Unknown),Robert Rivers,./record/21945?highlight=*:*
Portrait of a Man (1956),Lawrence F. Baxter,./record/21182?highlight=*:*
Abstract Composition with Red Squares and Crosses (1976),Gordon MacDonald,./record/122694?highlight=*:*
Model in Studio (Circa 1962),Lesley M. Johns,./record/122923?highlight=*:*
Untitled,Jean M. A. Conacher,./record/112354?highlight=*:*
Untitled (1971),Alan Brown,./record/22020?highlight=*:*
Untitled (2014),Rachel Hill,./record/47451?highlight=*:*
Seated Female Nude (1954),Ruth Illingworth,./record/20935?highlight=*:*
Unknown (Unknown),Unknown,./record/21903?highlight=*:*
Reclining Male Nude (1956),Ballantyne,./record/21244?highlight=*:*
Pattern darned sample,Unknown,./record/102690?highlight=*:*
Unknown (JAN 1984),Moyna Flannigan,./record/50404?highlight=*:*
Portrait of an Elderly Man (1956),J Salter,./record/21190?highlight=*:*
Portrait of a Bearded Man (Circa 1960),Derek Shiel,./record/20939?highlight=*:*
A Window in an Interior,Morrison,./record/122707?highlight=*:*
Eight Lines II (2001),Wilhelmina Barns-Graham CBE HRSA HRSW,./record/54748?highlight=*:*
Untitled (1983),Robert Rivers,./record/99810?highlight=*:*
Co-operation and emulation not competition i. (2024),Eilidh McKeown,./record/123748?highlight=*:*
Still Life - Fish (1961),Thora Clyne,./record/22640?highlight=*:*
Untitled (Unknown),Zoë Telford,./record/21619?highlight=*:*
Composition with Hanging Black Jacket and Skirt (1987),Margaret June Redfern,./record/122791?highlight=*:*
Striding Male Nude (Circa 1939),Ian R McRobbie,./record/21062?highlight=*:*
Car Interior,Elise Brown,./record/21495?highlight=*:*
Untitled (May 1987),Annabel Keatley,./record/21568?highlight=*:*
Reclining Female Nude (1969),Gwendoline Rodger,./record/21276?highlight=*:*
Untitled,Dr Ainslie Yule,./record/99533?highlight=*:*
Seated Female Nude (1969),Ian G. Robertson,./record/22727?highlight=*:*
Still Life Beside Window (1955),Elizabeth Blackadder,./record/20738?highlight=*:*
Reclining Female Nude (1967),Helen Pollock,./record/20772?highlight=*:*
Riders from the North Frieze of the Parthenon (1836-1837),NA,./record/20703?highlight=*:*
Not For Gain (2016),Daisy Lafarge,./record/99238?highlight=*:*
Plate (1920s),Emma Gillies,./record/53705?highlight=*:*
Reclining Female Nude (1953),Iain West,./record/20783?highlight=*:*
Black Rock (1983),Wendy McMurdo,./record/21592?highlight=*:*
Unknown (1964),Ian Patterson,./record/53582?highlight=*:*
Charioteer facing right,NA,./record/20660?highlight=*:*
"Lloret de Mar, Costa Brava (1958)",Joan F. Biggins,./record/50613?highlight=*:*
Portrait of a Woman in a Green-Checked Blouse (1952),Annette G B Ronald,./record/22698?highlight=*:*
Part Piece,Christopher Nugent,./record/122752?highlight=*:*
Untitled,Peter Pretsell,./record/99793?highlight=*:*
Untitled (1983-1984),Moyna Flannigan,./record/21915?highlight=*:*
Untitled (Unknown),Paul Furneaux,./record/21780?highlight=*:*
Reclining goddesses from the Parthenon (east pediment) (Pre 1830),Westmacott,./record/20631?highlight=*:*
Plate (1920s),Emma Gillies,./record/53706?highlight=*:*
Untitled (Unknown),Unknown,./record/21567?highlight=*:*
Saucer,Emma Gillies,./record/53667?highlight=*:*
Nun with Two Workmen in a Country Landscape,Unknown,./record/22557?highlight=*:*
Unknown (1965-1966),George Donald,./record/50376?highlight=*:*
Ples (1983),Boris Bućan,./record/22472?highlight=*:*
Standing Male Nude (1959),Lys Hansen,./record/20955?highlight=*:*
South Frieze of the Parthenon Frieze (1836-1837),NA,./record/20697?highlight=*:*
Standing Female Nude (1958),Jacqueline A N Stieger,./record/122776?highlight=*:*
Reclining Female Nude (1959),Jean I. Beattie,./record/20922?highlight=*:*
Jalvation cocktail (Green) (2007),David Abbott,./record/99888?highlight=*:*
Untitled - Nude Female Lying on a Patterned Bed (1967),Kevin Maguire,./record/99358?highlight=*:*
Lid (1920s),Emma Gillies,./record/122075?highlight=*:*
Landscape with City in background (1958-1959),Peter Standen,./record/20793?highlight=*:*
Portrait of Woman with Hand on her Head (1950),Ailsa Robertson,./record/20803?highlight=*:*
Unknown (1960),Robin E. Bownass,./record/50604?highlight=*:*
Untitled (1966),Jean Selby,./record/22478?highlight=*:*
Untitled (Unknown),Unknown,./record/99959?highlight=*:*
Seated Nude (1953),Robert L Thomson,./record/21121?highlight=*:*
Unknown (1963),Ruth Walker,./record/50504?highlight=*:*
Red Sky at Night (1968),James H. Fairgrieve,./record/22678?highlight=*:*
Seated Female Nude (1957),Duncan Thomson,./record/21103?highlight=*:*
Oval plate (1920s),Emma Gillies,./record/53730?highlight=*:*
Reclining Male Nude (1960),Jean Cochrane,./record/53521?highlight=*:*
The Bric-A-Brac Shop (Circa 1960),Vivien Alexander,./record/122839?highlight=*:*
Abstract,V. Constant,./record/111447?highlight=*:*
Aphrodite and Eros East Frieze of the Parthenon,NA,./record/20683?highlight=*:*
Still Life with Table and Bottles,Unknown,./record/122901?highlight=*:*
Plate (1920s),Emma Gillies,./record/53707?highlight=*:*
Striding Male Nude (1950),Alexander F Mitchell,./record/21054?highlight=*:*
Couple Drinking Tea (01 MAY 1961),John C Mark Jones,./record/99259?highlight=*:*
Poirtrait of a Man (possibly),Anthony Sinclair,./record/21440?highlight=*:*
Virgin and Child (statuette head of child missing) (Unknown),Unknown,./record/20559?highlight=*:*
Untitled (1963),Leslie Allan,./record/22012?highlight=*:*
Scapa Flow (1982),Reinhard Behrens,./record/21665?highlight=*:*
Male Nude at Wash Bowl (recto) (1946),Unknown,./record/22649?highlight=*:*
Teacup,Emma Gillies,./record/53647?highlight=*:*
Untitled (1983),Andrew Arnott,./record/21824?highlight=*:*
Four Standing Male Nudes (1960),Derek Shiel,./record/20816?highlight=*:*
Studies of Cliffs (15 APR 1961),John Picking,./record/111036?highlight=*:*
View of a House,Lynne Coyle,./record/21493?highlight=*:*
Portrait of a Man,Donald Whyte,./record/21475?highlight=*:*
Riders from South Frieze of the Parthenon (1836-1837),NA,./record/20723?highlight=*:*
Untitled (Unknown),Unknown,./record/99958?highlight=*:*
Unknown (Unknown),Unknown,./record/21550?highlight=*:*
Loading Cargo (1984),Gwyneth M. Leech,./record/21902?highlight=*:*
Untitled (Unknown),Margaret Clyde,./record/21855?highlight=*:*
Seated Female Nude (1939-1940),James Gordon,./record/21095?highlight=*:*
Standing Male Nude (1959),Gwen Reilly,./record/21152?highlight=*:*
Untitled (Unknown),Unknown,./record/21571?highlight=*:*
Townscape with Mountains (1948),Mieczyslaw T. Janikowski,./record/21422?highlight=*:*
Unknown,Unknown,./record/53551?highlight=*:*
Street Scene with Cars (1965),Laura McPherson,./record/99393?highlight=*:*
Untitled (1963),Leslie Allan,./record/99383?highlight=*:*
Horses of Helios from East Pediment,NA,./record/20635?highlight=*:*
untitled (1961),James T Carlyle,./record/21760?highlight=*:*
The Boston-Edinburgh Portfolio II (2006),Unknown,./record/99855?highlight=*:*
Figure with Hanging Clothes (1971),Dorothy W. Baillie,./record/22553?highlight=*:*
Cast Study of Dead Christ from Michelangelo's 'Pieta',Leonard I. H. Gray,./record/53485?highlight=*:*
Idyll,Unknown,./record/21200?highlight=*:*
Profile of Standing Male Nude with Staff,Alastair Fairweather,./record/50425?highlight=*:*
Standing Female Nude (1957),Morag Cuthbertson,./record/20965?highlight=*:*
Cantilever Ring (2013),Sally Morrison,./record/21310?highlight=*:*
Still Life Table (Circa 1965),Roy M. W. Cameron,./record/22616?highlight=*:*
Untitled (1989),Jane R. Nicoll,./record/22566?highlight=*:*
125 (2015),Mark Osborne,./record/53772?highlight=*:*
Reverse Reserve (1975),Gordon Mitchell,./record/22522?highlight=*:*
Reclining Nude,Doreen Taylor,./record/122774?highlight=*:*
Portrait of a Woman (1959),William D. MacKay,./record/22715?highlight=*:*
Unknown,Ian Paterson,./record/53548?highlight=*:*
Portrait of a Young Man (1950),Norman Nisbet,./record/21074?highlight=*:*
Standing Female Nude,Vincent Butler,./record/21261?highlight=*:*
Landscape (1987),Brian Godley,./record/112496?highlight=*:*
3.a Clarendon serif (1972),Anthony Benjamin,./record/21670?highlight=*:*
Unknown (1949),Betty Elston,./record/50584?highlight=*:*
Standing Female Nude and Stool (1960s),Catherine Beanchop/ Banchop,./record/21269?highlight=*:*
Unknown (1963),Alexander Wilson,./record/53592?highlight=*:*
Standing Female Nude (1958),Bertha Roxburgh,./record/21150?highlight=*:*
Untitled (1966),Norman Orr,./record/22479?highlight=*:*
Cantoria (front),Unknown,./record/20579?highlight=*:*
Blue Mood (1986),Paul Furneaux,./record/21576?highlight=*:*
An Táin (1964),John B Vallely,./record/21005?highlight=*:*
Unknown (Unknown),Victoria C F Bernie,./record/21783?highlight=*:*
NO 6 (1952),Norman W. Anderson,./record/50627?highlight=*:*
Unknown,Unknown,./record/50393?highlight=*:*
Unknown (1960),George H McIntosh,./record/53578?highlight=*:*
Large Still Life (Unknown),Sir William George Gillies,./record/20744?highlight=*:*
Untitled (2007),Freya Cumming,./record/99894?highlight=*:*
Study for Composition (1949),Alistair Smart,./record/50477?highlight=*:*
Seated Female Nude (21 NOV 1957),Sheena McEwan,./record/20900?highlight=*:*
Nighttime Scene of the City and River (1962),Geoffrey J Roper,./record/99370?highlight=*:*
Peacock (Undated but found amongst ECA artworks from 1960s.),Carol Handyside,./record/21288?highlight=*:*
Unknown (1955),Rosemary Gray,./record/53483?highlight=*:*
Untitled,Mary McKay,./record/112445?highlight=*:*
Portrait of a Woman (1953),Lilias Stirling,./record/22677?highlight=*:*
Portrait of Sleeping Woman (1957),Sheena McEwan,./record/21009?highlight=*:*
Figures in a Street with Flags (1952),William I. Millan,./record/122883?highlight=*:*
Seed and the Rock (1953),Gabor Peterdi,./record/21659?highlight=*:*
Standing Woman (1965),William Gillon,./record/21315?highlight=*:*
Riders from the North Frieze of the Parthenon (1836-1837),NA,./record/20701?highlight=*:*
Unknown (1957),Rupert F C Cracknell,./record/50538?highlight=*:*
Still Life with Honesty (1962),L. Johns,./record/122906?highlight=*:*
Still Life with Window (1957),Alan M. Alexander,./record/122817?highlight=*:*
Still Life with Stuffed Pheasant and Skull (Circa 1966),George M. Donald,./record/122859?highlight=*:*
Seated Female Nude (1953),Rosemary Schofield,./record/20942?highlight=*:*
Landscape,Edith C. Duke,./record/122871?highlight=*:*
Portrait Figure Sitting (1952),D. Gordon Campbell,./record/22508?highlight=*:*
Self Portrait at Table (Circa 1975),Janis A. Dougall,./record/122882?highlight=*:*
Untitled (Unknown),Unknown,./record/99945?highlight=*:*
Riders from the North Frieze of the Parthenon (1836-1837),NA,./record/20709?highlight=*:*
Unknown,Unknown,./record/50382?highlight=*:*
Untitled (Circa 1960),Robert L Snowden,./record/21537?highlight=*:*
Ludovisi Throne (Circa 1912),Unknown,./record/20575?highlight=*:*
Seated Male Nude (1958),Richard McNeill,./record/20894?highlight=*:*
Unknown,Leonard I. H. Gray,./record/53484?highlight=*:*
Siesta (1952),George Roderick Carmichael,./record/123340?highlight=*:*
Unknown,Unknown,./record/50381?highlight=*:*
Ruins in Rome (FEB 1948),Marjorie Wallace,./record/20855?highlight=*:*
St James the Greater,Unknown,./record/20548?highlight=*:*
Unknown,Unknown,./record/53542?highlight=*:*
Untitled (Unknown),Unknown,./record/21905?highlight=*:*
Portrait of a Woman (1958),Ann Forbes,./record/21113?highlight=*:*
Portrait of a Woman's Head (1948),Thomson,./record/20842?highlight=*:*
Untitled (2006),Shona McKinnon,./record/99867?highlight=*:*
Unknown,Unknown,./record/53543?highlight=*:*
Zane (2013),Isobel Turley,./record/21303?highlight=*:*
Nude (1950),Allan Carr,./record/110955?highlight=*:*
Portrait of a Bearded Man (07 DEC 1954),James Lennox,./record/21192?highlight=*:*
Untitled (Unknown),Joanne Leonie Milne,./record/21932?highlight=*:*
Portrait of a Woman,Samuel John Peploe,./record/53886?highlight=*:*
Cow in Interior (1974),Brent Miller,./record/21680?highlight=*:*
Portrait of a Woman (1960),Elise Brown,./record/20976?highlight=*:*
A Good Dream and a Bad Dream (1970),John Mooney,./record/20755?highlight=*:*
Four Portraits of a Bearded Man (1955),Peter McGinn,./record/21088?highlight=*:*
Seated Female Nude (Circa 1939),Alistair W McCheyne,./record/21139?highlight=*:*
"Commercial Street, Leith (JAN 1950)",John W. Corner,./record/50515?highlight=*:*
Two Elements (2006),Wilhelmina Barns-Graham CBE HRSA HRSW,./record/54750?highlight=*:*
Reclining Female Nude (1958),Dorothy Durward,./record/21142?highlight=*:*
19th century handkerchief (1800-1899),Unknown,./record/102683?highlight=*:*
Untitled (2007),Emma Peacock,./record/99889?highlight=*:*
Untitled - Portrait of an Old Man (Feb 1962),William Gillon,./record/99480?highlight=*:*
Unknown (Unknown),Unknown,./record/21547?highlight=*:*
Hand Thrown Pot (1920s),Emma Gillies,./record/53734?highlight=*:*
Unknown,Muriel Davidson,./record/53474?highlight=*:*
Untitled - Two Birds (1963),Norman Thom,./record/99417?highlight=*:*
November III (St Andrews) (1991),Wilhelmina Barns-Graham CBE HRSA HRSW,./record/54749?highlight=*:*
Unknown (1950),Zygmunt Bukowski,./record/53554?highlight=*:*
Unknown (1947),Mabel D. Lawford,./record/50536?highlight=*:*
Reclining Female Nude (1954),Margaret Proudfoot,./record/21260?highlight=*:*
Made in Finland (2013),Tiina Lilja,./record/47439?highlight=*:*
Cross Section (1987),Alastair Mack,./record/21650?highlight=*:*
Portrait of Woman (1951),Allan Carr,./record/123112?highlight=*:*
People with a Horse (1983),Tina Lappinen-Ritchie,./record/122699?highlight=*:*
"Marché, rue Mouffetard (1963)",Ann F Ward,./record/99341?highlight=*:*
Untitled (1963),Madelene Galloway,./record/22005?highlight=*:*
Blue Altarpiece (Circa 1952),Mollie E N Langlands,./record/21016?highlight=*:*
Reclining Nude (1953),Laura Nye,./record/21118?highlight=*:*
Broderie Anglais jacket,Unknown,./record/102664?highlight=*:*
Lid (1920s),Emma Gillies,./record/122077?highlight=*:*
In the Kitchen (1989),Robert Bushe,./record/22608?highlight=*:*
The Boundary of Balance (2019),Dong Ding,./record/113743?highlight=*:*
Standing Male Nude (1958),Ian Hodkinson,./record/20883?highlight=*:*
Untitled (Mar 1949),Allan W. Robson,./record/21743?highlight=*:*
Unknown (1949),John Thomson,./record/50483?highlight=*:*
Architectural Scene (1989),Joanne Leonie Milne,./record/21451?highlight=*:*
Untitled,Marjorie-Ann Ancell,./record/21612?highlight=*:*
The Sofa (1950),Zygmunt Bukowski,./record/122805?highlight=*:*
Standing Female Nude (1953),Eileen Duncan,./record/20929?highlight=*:*
Slaughter House (1959),James C. Y. Gavin,./record/122887?highlight=*:*
Drawing of a Woman (12 NOV 1960),Sheila Percival,./record/20991?highlight=*:*
Sitting Nude Woman (1961),Ann F Ward,./record/122888?highlight=*:*
East Frieze of the Parthenon Frieze (1836-1837),NA,./record/20687?highlight=*:*
Cafe (Circa 1955),Alexander S Campbell,./record/122844?highlight=*:*
Portrait of a Young Man (1963),Leon Francesco Morrocco,./record/122973?highlight=*:*
100 Billion Suns (2012),Katie Paterson,./record/21002?highlight=*:*
Seated Female Nude,Colin Lawson,./record/20774?highlight=*:*
Milk Bottles (1967),Kevin Maguire,./record/123339?highlight=*:*
Portrait of a Woman (1969),Jennifer M. Hughes,./record/123341?highlight=*:*
Jacopo Nani (2019),Brandon Logan,./record/113742?highlight=*:*
Unknown (Circa 1890),Unknown,./record/50466?highlight=*:*
Woman in Pink Cardigan (1983-1988),Renny Tait,./record/21503?highlight=*:*
Portrait of a Seated Man (1954),Ursula Giles,./record/21211?highlight=*:*
Standing Female Nude (1969),Rosemary Matheson,./record/21098?highlight=*:*
Unknown,Unknown,./record/53503?highlight=*:*
Seated Female Nude (1994-1995),Nicholas Otter,./record/21510?highlight=*:*
Still Life,Zygmunt Bukowski,./record/122895?highlight=*:*
Untitled (1968),Michael Jannarelli,./record/22498?highlight=*:*
Untitled (1963),Monika L. Uecher,./record/21774?highlight=*:*
Bust of Apollo Belvedere,Unknown,./record/20581?highlight=*:*
Untitled - Holyrood Palace (1978-1979),Thomas F. C. Denny,./record/99413?highlight=*:*
Standing Female Nude (1949),Zygmunt Bukowski,./record/22638?highlight=*:*
Small relief with figure in clerical dress,NA,./record/20611?highlight=*:*
Wall hanging,Winsome Douglass,./record/113837?highlight=*:*
Untitled (2002),Adrian Rodriguez,./record/99944?highlight=*:*
Portrait of a Man in Spectacles (1958),Richard McNeill,./record/20891?highlight=*:*
Abstract (1966-1971),John F. Mooney,./record/123507?highlight=*:*
Woman with Fish on her Head,John Bellany,./record/21530?highlight=*:*
Unnamed (2002),Ky Ober,./record/99950?highlight=*:*
Unknown (1947),Mabel D. Lawford,./record/50533?highlight=*:*
Untitled (Unknown),Unknown,./record/99825?highlight=*:*
Unknown,Derek McGuire,./record/50431?highlight=*:*
Untitled (2002),Elaine Bay,./record/99948?highlight=*:*
Parthenon Frieze in Miniature (Unknown),John Henning,./record/20584?highlight=*:*
Saucer,Emma Gillies,./record/53662?highlight=*:*
Composition in Grey and Pink (1978),Eve F. Thomson,./record/122770?highlight=*:*
Minotaur,Paul Duffus,./record/122800?highlight=*:*
Unknown (1946),Marjorie Wallace,./record/50440?highlight=*:*
Untitled - Horses and Riders (1963),Jean M. Marshall,./record/99363?highlight=*:*
Abstract Composition in Grey with Circle (1989),Linda A. Henniker,./record/22709?highlight=*:*
Standing Male Nude (1958),Peter Standen,./record/20863?highlight=*:*
Landscape,Donald Clark,./record/21490?highlight=*:*
Untitled - Man at a Factory (1966-1967),Gregor Smith,./record/99397?highlight=*:*
Unknown (1953-1954),Peter G. Collins,./record/50540?highlight=*:*
Taking the Veil (1987),Elspeth Lamb,./record/21924?highlight=*:*
Untitled (2003),Andrea Bain,./record/99928?highlight=*:*
Untitled (Unknown),Unknown,./record/21713?highlight=*:*
Side Plate,Emma Gillies,./record/53613?highlight=*:*
Sailsbury from Witlon Park (Unknown),Lord John Clerk Eldin,./record/21671?highlight=*:*
Bubbie's Bay (2006),Rhoda Rosenburg,./record/99878?highlight=*:*
Night Painting (1973),Nicola M. Wheal,./record/122811?highlight=*:*
Standing Female Nude in Bathroom (1953),Ian West,./record/20989?highlight=*:*
Untitled (1986),Sylvia Cameron,./record/21716?highlight=*:*
Red/Orange Connections,Joanna Wilson,./record/21003?highlight=*:*
Untitled,NA,./record/112505?highlight=*:*
Portrait of a Man (1950),Katherine B K Burns,./record/21390?highlight=*:*
Grey Cover,Unknown,./record/22633?highlight=*:*
Portrait of a Man (1953),Ian J. D. Short,./record/22695?highlight=*:*
Standing Female Nude (1957),D G Seymour,./record/20963?highlight=*:*
Plate (1920s),Emma Gillies,./record/53710?highlight=*:*
Figurative Composition in Brown and Blue (1993),Kenneth T. W. Neil,./record/20756?highlight=*:*
"In ""Head"" 73 (1973)",Gavin Robson,./record/99404?highlight=*:*
Untitled,Kirkland Main,./record/99987?highlight=*:*
Standing Man with Scythe,John Houston,./record/20770?highlight=*:*
Unknown (1950),Marion M Cooper,./record/50392?highlight=*:*
Reclining Male Nude (1949),Zygmunt Bukowski,./record/21324?highlight=*:*
The Little Posy (1957),Anne Redpath,./record/19999?highlight=*:*
Theatrical Performance,Robert Maclaurin,./record/21513?highlight=*:*
Champagne (1993),Robert I Montgomery,./record/99416?highlight=*:*
Standing Male Nude (1960),Thomas T Robertson,./record/20806?highlight=*:*
Unknown,Unknown,./record/53509?highlight=*:*
Udder Hand (2016),Eden Hawkins,./record/99265?highlight=*:*
The Kennelmen's Lunch Hour (1951),Maureen Baird,./record/122806?highlight=*:*
Reclining Female Nude (1957),Duncan Thomson,./record/21104?highlight=*:*
Unknown,Duncan Currie,./record/50389?highlight=*:*
Sky with Floating Kites (Circa 1968),Charles Ian Patterson,./record/22588?highlight=*:*
Vilnius Academy of Fine Arts,Unknown,./record/99853?highlight=*:*
Espresso Cup (1920s),Emma Gillies,./record/53701?highlight=*:*
Untitled - Street Scene (1960),Frederick C White,./record/99453?highlight=*:*
Portrait of a Woman in a Headdress,Adam Bruce Thomson,./record/20828?highlight=*:*
Blue and Black Grid,Joan E. Smith,./record/22550?highlight=*:*
Abstracted Guitar Player (1960),Denness Morton,./record/21082?highlight=*:*
Plate (1920s),Emma Gillies,./record/53715?highlight=*:*
Unknown (1984-1985),Olivia Irvine,./record/53563?highlight=*:*
Four way / Exchange Portfolio (Unknown),Unknown,./record/99854?highlight=*:*
Riders from the West Frieze of the Parthenon (1836-1837),NA,./record/20670?highlight=*:*
Unknown (1952),George Roderick Carmichael,./record/50568?highlight=*:*
Lid (1920s),Emma Gillies,./record/122073?highlight=*:*
Profile of Seated Male Nude (1959),Denness Morton,./record/20888?highlight=*:*
Reclining Female Nude with Fans (1947),Sheena Page,./record/122898?highlight=*:*
Untitled (Unknown),Unknown,./record/21916?highlight=*:*
Unknown (Unknown),Unknown,./record/21857?highlight=*:*
Grooms and Riders from North Frieze of the Parthenon (1836-1837),NA,./record/20712?highlight=*:*
Portrait of a Woman (1952),W Baxter,./record/21205?highlight=*:*
Untitled - Life Drawing of Woman Reclining on a Bed (1967),Isobel T Johnstone,./record/99249?highlight=*:*
Untitled,John Nichol,./record/112448?highlight=*:*
Untitled (Sucker Darts) (2016),James Howden,./record/113746?highlight=*:*
View of Edinburgh (Balmoral Hotel),R Urgolini (?),./record/21499?highlight=*:*
Standing Male Nude with Stick (1958),Lesley Crawford,./record/21110?highlight=*:*
Portrait of a Seated Man in Uniform (1955),James Robertson,./record/20805?highlight=*:*
Unknown,Linda Hennker,./record/50375?highlight=*:*
Still Life with Apples (Circa 1966),Jean E. Selby,./record/122764?highlight=*:*
Unknown,Unknown,./record/53602?highlight=*:*
Untited (1986),Paul Furneaux,./record/21611?highlight=*:*
Untitled (Unknown),Sabine R,./record/21640?highlight=*:*
Portrait of a Man (Circa 1963),Ruth M. L. Walker,./record/122900?highlight=*:*
Still Life with Two Birds (1975),Kenneth W. Bushe,./record/22635?highlight=*:*
1st State (Unknown),Euan Gray,./record/21951?highlight=*:*
Teacup,Emma Gillies,./record/53650?highlight=*:*
Untitled,David C Duke,./record/22574?highlight=*:*
Unknown (1965),McLeod,./record/53594?highlight=*:*
Relic of Origins: Red Deer (2013),Kyle Noble,./record/21305?highlight=*:*
Face Value (2007),Annette Kierulf,./record/99902?highlight=*:*
Portrait Male (1975),Andrew J. Neil,./record/22726?highlight=*:*
Woman on a Balcony (1959),Elizabeth M. Hansen,./record/122682?highlight=*:*
Reclining Male Nude (1958),Rosemary Wright,./record/20860?highlight=*:*
Portrait of a Man (1959),Campbell,./record/20971?highlight=*:*
Riders from South Frieze of the Parthenon (1836-1837),NA,./record/20724?highlight=*:*
Venice (1951),Sax Shaw,./record/99849?highlight=*:*
Seated Female Nude with Striped Floor Drape,Unknown,./record/22642?highlight=*:*
Untitled (1966),Maureen Dawson,./record/99845?highlight=*:*
Man and Cauldron (1950),Alfred Hackney,./record/21029?highlight=*:*
History of a Medium (1971),"Eduardo Luigi Paolozzi KBE, RA",./record/21696?highlight=*:*
Standing Male Nude (1930-1931),Thomas Pow,./record/21126?highlight=*:*
Blue Waterfall,Andrew Mackenzie,./record/20751?highlight=*:*
Dying Gaul (1822),Unknown,./record/20597?highlight=*:*
Portrait of a Woman Wearing a Hat (1951),Alexandra Bennett,./record/21232?highlight=*:*
Standing Male Nude,John Houston,./record/21047?highlight=*:*
Untitled (1961),Norma Kirk,./record/22011?highlight=*:*
Sugar Bowl with Spoon,Janet Gillies,./record/122545?highlight=*:*
Unknown,Unknown,./record/53553?highlight=*:*
Saucer,Emma Gillies,./record/53657?highlight=*:*
Unknown (1957),Peter Coyle,./record/50512?highlight=*:*
Sketch for Final Composition,Colin Brown,./record/53566?highlight=*:*
Pink Nude Study*,Elsie Blomgren,./record/122831?highlight=*:*
Still Life with Peonies,Anne Redpath,./record/20746?highlight=*:*
Untitled - Woodland Fantasy in Green (1963),Jean M. Marshall,./record/99362?highlight=*:*
Saucer,Emma Gillies,./record/53630?highlight=*:*
Brass moths and bees (2018),Jessica Gasson,./record/102752?highlight=*:*
Figure in Rocky Landscape at Sunset (1964),James Goodall,./record/122842?highlight=*:*
Untitled - Figure Drawing of A Woman with Pig Tails (1965),Gordon Bryce,./record/99281?highlight=*:*
Teacup,Emma Gillies,./record/53652?highlight=*:*
Untitled (1999),Kate Baker,./record/21882?highlight=*:*
Untitled (1968),Alistair Bell,./record/99378?highlight=*:*
Standing Male Nude (1950),Cecile E M Johnston,./record/21026?highlight=*:*
For They Shall See God (2006),Jennifer M. Hughes,./record/99881?highlight=*:*
Untitled (1947),Sheila Turnbull,./record/111032?highlight=*:*
November Afternoon (1982),Gwyneth M. Leech,./record/99433?highlight=*:*
Portrait of a Man,Anthony Sinclair,./record/21471?highlight=*:*
"Metope 29, south entablature, Parthenon (1837)",NA,./record/20648?highlight=*:*
Untitled (Unknown),J Nicoll,./record/21728?highlight=*:*
Reclining Male Nude (25 NOV 1949),Adam Robson,./record/20811?highlight=*:*
Untitled (1946),Dorothy M. Peach,./record/21738?highlight=*:*
Female Nude Seated on a Chair (1953),Margaret Ronald,./record/20950?highlight=*:*
Plate (1920s),Emma Gillies,./record/53670?highlight=*:*
Girl and Baby (1962),Joan Eardley,./record/99213?highlight=*:*
Unknown (1994),Esther Tacke,./record/21914?highlight=*:*
Treasure on a Loch,John Brown,./record/22603?highlight=*:*
Reflections on métro at 7.15 am (1963),Ann F Ward,./record/99339?highlight=*:*
"Unknown, Abstract",Paresh Chandra Chakraborty,./record/99485?highlight=*:*
"A PHP Error was encountered Severity: Warning Message: Undefined array key ""dctitleen"" Filename: views/search_results.php Line Number: 98 A PHP Error was encountered Severity: Warning Message: Trying to access array offset on null Filename: views/search_results.php Line Number: 98 (2003)",Unknown,./record/99930?highlight=*:*
Portrait of a Woman (1955),Edith Duke,./record/21218?highlight=*:*
Untitled (Unknown),Annabel Keatley,./record/21609?highlight=*:*
Two Men in a Country Landscape (1952),James P W Syme,./record/22717?highlight=*:*
Vase (1920s),Emma Gillies,./record/122136?highlight=*:*
Unknown (1950),Unknown,./record/53507?highlight=*:*
Back of Standing Female Nude in Clay Modelling Class (1973),Robin S. Taylor,./record/123115?highlight=*:*
Portrait of a Man (11 NOV 1957),R Wright,./record/20904?highlight=*:*
Unknown (1957),Peter G. Collins,./record/50399?highlight=*:*
Allegro Moderato Firemans' Parade (1977),"Eduardo Luigi Paolozzi KBE, RA",./record/21697?highlight=*:*
Reclining Seated Male Nude (1958),Peter Standen,./record/20866?highlight=*:*
Male Portrait (1959),Peter McGinn,./record/22686?highlight=*:*
Brass Rubbing of Monk with Chalice (Unknown),Unknown,./record/21655?highlight=*:*
Free Fall (1985),Robert Adam,./record/21593?highlight=*:*
Untitled - Nude Woman in Red Reclining on a Red Couch (1963),Meriel A W de C Acton,./record/99476?highlight=*:*
Untitled (Unknown),Renny Tait,./record/21723?highlight=*:*
Untitled - Abstract Collage (1969),Leslie McConnell,./record/99408?highlight=*:*
Organic Abstract Mural Design (1968),Janet G Leask,./record/99261?highlight=*:*
Standing Male Nude with Cane (1958),Lesley Crawford,./record/21109?highlight=*:*
Stately Dance (1947),Allan W. Robson,./record/21741?highlight=*:*
Riders from the North Frieze of the Parthenon (1836-1837),NA,./record/20704?highlight=*:*
"Small Classical Head, possibly Apollo",NA,./record/20605?highlight=*:*
Esme (1949),Betty Elston,./record/22694?highlight=*:*
Works of a Strange Device: Drawing Smoke (2016),Suzanne Priestley,./record/99239?highlight=*:*
Side Plate,Emma Gillies,./record/53610?highlight=*:*
Figure of a river-god from west pediment,NA,./record/20633?highlight=*:*
Still Life with Tea and Coffee Pots (1960),Elizabeth M. Hansen,./record/99838?highlight=*:*
Riders from the West Frieze of the Parthenon (1836-1837),NA,./record/20676?highlight=*:*
Unknown,George Roderick Carmichael,./record/50566?highlight=*:*
Ayrshire Christening robe,Unknown,./record/100006?highlight=*:*
Old Man Sitting,Agnes Sim,./record/122779?highlight=*:*
View of Garden with Washing Lines (1987),Margaret L. Smyth,./record/22559?highlight=*:*
Abstract (1989),Linda A. Henniker,./record/21455?highlight=*:*
Teacup,Emma Gillies,./record/53642?highlight=*:*
Unknown,Christopher Nugent,./record/50429?highlight=*:*
Two Red Abstract People,Francis Convery,./record/111440?highlight=*:*
Aerial View of a Street (1965),Laura McPherson,./record/99394?highlight=*:*
Bar at 1732 St Charles (02 AUG 1973),Jonathan Woodham,./record/21433?highlight=*:*
Unknown (1950),John W. Corner,./record/50517?highlight=*:*
Portrait of a Woman (1969),Lynn Bushell,./record/21093?highlight=*:*
Portrait of a Boy Seated (17 MAR 1955),Norma Macgregor,./record/21220?highlight=*:*
Portrait of a Seated Woman (1950),Alexander F Mitchell,./record/21053?highlight=*:*
Two Views of a Man Seated (1959),Grace Nichol,./record/21120?highlight=*:*
Seated Female Nude (Circa 1964),Alexander Moffat,./record/21337?highlight=*:*
Reclining Female Nude (1955),Fiona C MacCormick,./record/21014?highlight=*:*
Drawing of a Man's Head (1955),James Robertson,./record/20804?highlight=*:*
Untitled (1967),Rosemary Seaton,./record/22475?highlight=*:*
Unknown,Unknown,./record/50395?highlight=*:*
Unknown,Alan J McLeod,./record/53604?highlight=*:*
Unknown (1983),Stuart T. MacKenzie,./record/53561?highlight=*:*
Self Portrait (1950),Zygmunt Bukowski,./record/22687?highlight=*:*
Untitled (Unknown),Unknown,./record/21978?highlight=*:*
Seated Female Nude (03 FEB 1959),Barbara Strachan,./record/20870?highlight=*:*
15th Century Italian (Feb 1982),Carol Binnie,./record/21976?highlight=*:*
Unknown (1960),Dorothea Brown,./record/50601?highlight=*:*
From Ponte Rialto Venezia (10 MAR 1948),Marjorie Wallace,./record/20854?highlight=*:*
Untitled (1965),Gregor Smith,./record/22009?highlight=*:*
Unknown (Circa 1890),Unknown,./record/50462?highlight=*:*
Two Seated Men (1949),Douglas Gordon,./record/21100?highlight=*:*
"Temple Cottage, Temple, View of Garden",Sir William George Gillies,./record/99221?highlight=*:*
Plate,Emma Gillies,./record/53728?highlight=*:*
Portrait of a Woman (1959),Unknown,./record/20974?highlight=*:*
Lorenzo de' Medici (Pre 1837),Unknown,./record/20595?highlight=*:*
Unknown (1987),Donald Clark,./record/53603?highlight=*:*
Untitled (Unknown),Renny Tait,./record/21645?highlight=*:*
Unknown,Alan M. Alexander,./record/50598?highlight=*:*
Untitled (2002),Kirsty MacDonald,./record/99929?highlight=*:*
Swedish apron (1958),Unknown,./record/102689?highlight=*:*
Swirl V (1998),Fionna Buck,./record/21674?highlight=*:*
Untitled (Unknown),Unknown,./record/21633?highlight=*:*
Body Print (1982),Paul Duffus,./record/21965?highlight=*:*
Portrait of Woman in a Hat (1958),Alan Alexander,./record/21165?highlight=*:*
Seated Male Nude (1954),Elizabeth Blackadder,./record/21410?highlight=*:*
Sitting Figures (Circa 1964),Peter Pretsell,./record/122715?highlight=*:*
Groom and Horse from South Frieze of the Parthenon (1836-1837),NA,./record/20733?highlight=*:*
Portrait of a Woman (27 JAN 1954),John P Busby,./record/21381?highlight=*:*
Seated Woman in a Green Hat (Circa 1908),Agnes Sim,./record/122782?highlight=*:*
Untitled (2002),Ahjae Lim,./record/99936?highlight=*:*
Portrait of a Boy,Graeme Murray,./record/21474?highlight=*:*
Cushion,Enid Mason,./record/123303?highlight=*:*
Building,Stephanie Dees,./record/123101?highlight=*:*
Still Life (1967),Scott Murray,./record/22613?highlight=*:*
"Still Life, Oil Paints and Pots (1949)",Zygmunt Bukowski,./record/22732?highlight=*:*
Krokadeel (1959),"Eduardo Luigi Paolozzi KBE, RA",./record/22035?highlight=*:*
Aduton 51 (1977),Paul Feiler,./record/21666?highlight=*:*
Untitled (Unknown),Louisa Burnett Hall,./record/21958?highlight=*:*
Abstract Female Nude (1965),William Gillon,./record/21312?highlight=*:*
Untitled (1969),Jennifer M. Hughes,./record/99837?highlight=*:*
Seated Female Nude,Colin Stewart,./record/21425?highlight=*:*
Portrait of a Woman (1957),Colin Turner,./record/21144?highlight=*:*
Unknown,Jean Selby,./record/50412?highlight=*:*
Nude Study Female,Robert J. Brough,./record/122855?highlight=*:*
Via D' Italia (Unknown),John Brown,./record/21673?highlight=*:*
Saucer,Emma Gillies,./record/53661?highlight=*:*
Landscape (Circa 1988),Arlene Isbister,./record/22604?highlight=*:*
Untitled - Two Chefs in a Dark Room (1964-1965),Gordon Bryce,./record/99280?highlight=*:*
Untitled (Unknown),S J Dooley,./record/99912?highlight=*:*
Reclining Female Nude with Skeleton,Unknown,./record/122803?highlight=*:*
Back of Bennachie,Hazel Holmes,./record/21623?highlight=*:*
Seated Male Nude reading a Newspaper (1960),Jean Ritchie,./record/20791?highlight=*:*
Patchwork quilt (1700-1899),Unknown,./record/102731?highlight=*:*
Seated Female Nude (1958),David Rifat,./record/20873?highlight=*:*
Composition with Figures and Flags (Diptych) (1965),William Gillon,./record/21314?highlight=*:*
Unknown (1950),Muriel Davidson,./record/53475?highlight=*:*
"3,500 Men (May 1986)",Andrew Arnott,./record/99470?highlight=*:*
Untitled (Unknown),Unknown,./record/21627?highlight=*:*
Untitled - Abstract Blue and Red Shapes (1989),Joanne Leonie Milne,./record/99387?highlight=*:*
Untitled - Nude Male (1968-1969),Charles Ian Patterson,./record/99409?highlight=*:*
Landscape (01 MAY 1985),Allison E Sharpe,./record/21466?highlight=*:*
Unknown,Robert Euman,./record/53545?highlight=*:*
Cast Study of Clement Pappi's 'Dying Adonis' (15 MAY 1950),David Michie,./record/21036?highlight=*:*
Untitled (2003),Scott Laverie,./record/93377?highlight=*:*
Seated Skeleton (Circa 1955),Peter McGinn,./record/21087?highlight=*:*
Untitled (Unknown),Unknown,./record/22000?highlight=*:*
Studio Corner (2003),Peter Scott,./record/99937?highlight=*:*
Girls from East Frieze of the Parthenon (1836-1837),NA,./record/20681?highlight=*:*
Portrait of a Man (1968),Donald C S Shaw,./record/21403?highlight=*:*
Donkey and Cart in Landscape (Circa 1955),Mollie E N Langlands,./record/21017?highlight=*:*
Untitled - Portrait of A Woman (1982),Tina-Marja Leppanen-Ritchie,./record/99434?highlight=*:*
Men in a Rugby Changing Room (Circa 1952),Trevor Stubley,./record/21412?highlight=*:*
Portrait of a Seated Man (1951),James P W Syme,./record/21370?highlight=*:*
Saucer,Emma Gillies,./record/53624?highlight=*:*
Unknown (1952),Rosemary Bagshaw,./record/53515?highlight=*:*
Figure Composition (Circa 1968),Alan T. Johnston,./record/122691?highlight=*:*
Standing Male Nude (1960s),Alan Dempster,./record/21277?highlight=*:*
Spanish Village (1957),David McClure,./record/122252?highlight=*:*
Unknown (1957),Morag Cuthbertson,./record/50507?highlight=*:*
Unknown (1968),Kenneth R Duffy,./record/99514?highlight=*:*
Seated Figure Reading Newspaper,Angus C. A. Hood,./record/22610?highlight=*:*
Seated Female Nude (1958),Jean I. Beattie,./record/20921?highlight=*:*
Untitled - Children Playing (1963),Monika L I Uecker,./record/99445?highlight=*:*
Untitled (1964),Carol Handyside,./record/99840?highlight=*:*
Portrait of James McComb (1950),Thomas Kim Redpath,./record/122732?highlight=*:*
Disaster Painting 2 (2024),Esther Forse,./record/123746?highlight=*:*
Plate,Emma Gillies,./record/53718?highlight=*:*
Portrait of Seated Woman Reading (1953),Roy McCallum,./record/20898?highlight=*:*
Unknown (1960),Hugh Deans,./record/53575?highlight=*:*
Vase,Emma Gillies,./record/53738?highlight=*:*
Untitled (1967),Kevin Maguire,./record/22027?highlight=*:*
Graveyard and Church (possibly),John Brown,./record/21525?highlight=*:*
Untitled (Unknown),David Giblin,./record/21635?highlight=*:*
Portrait of a Seated Woman (1958),Ann Forbes,./record/21112?highlight=*:*
Seated Nude at Washbasin (1963),Kathleen B. Russell,./record/122786?highlight=*:*
Untitled (2003),Robin Kukiel,./record/99932?highlight=*:*
Unknown (1949),Douglas Baxter,./record/50577?highlight=*:*
Untitled (Unknown),Margaret Clyde,./record/21628?highlight=*:*
Seated Female Nude wearing Floral Hat (1962),June M. Morgan,./record/99354?highlight=*:*
Cotton Wool Brain (2019),Zuzana Ullmannová,./record/113744?highlight=*:*
Portrait of a Man (1959),Alan Kemp,./record/20902?highlight=*:*
Bowl (1920s),Emma Gillies,./record/122078?highlight=*:*
Plate,Emma Gillies,./record/53721?highlight=*:*
Untitled - Drawing of a Man Wearing a Hat (1967),Isobel T Johnstone,./record/99253?highlight=*:*
Untitled - Bird Cage (1965-1966),Norman Orr,./record/99407?highlight=*:*
Distortion 2 (2014),Ainsley Francis,./record/47453?highlight=*:*
Lepidopterists (1951),Valerie A. Cockburn (Gage),./record/122822?highlight=*:*
Nude,Zygmunt Bukowski,./record/22654?highlight=*:*
Harbour (1953-1954),Alistair M Park,./record/21348?highlight=*:*
Singer (JAN 1987),Paul Rooney,./record/21841?highlight=*:*
Female Nude (1924),Henry Moore,./record/53472?highlight=*:*
Legless Graham (Unknown),Jennifer Blake,./record/21997?highlight=*:*
Park Band Stand Scene (1952),Ian Lawson,./record/122687?highlight=*:*
Standing Woman,John Bellany,./record/20766?highlight=*:*
Untitled (Unknown),Marjorie Ann,./record/99907?highlight=*:*
Unknown (1960),Denness Morton,./record/53547?highlight=*:*
Unknown,Joseph Sharples,./record/50379?highlight=*:*
Bloomers,Unknown,./record/102663?highlight=*:*
Untitled (1994),Sara Ogilvie,./record/21961?highlight=*:*
Bearded Man Sitting (Circa 1973),Catherine A. MacLean,./record/22621?highlight=*:*
Head of a Woman (1948),Gavin Stuart,./record/20827?highlight=*:*
Male Model (Circa 1966),James H. Fairgrieve,./record/122819?highlight=*:*
Untitled - Still Life of Kitchen Table in Orange (1963),William O. Little,./record/99269?highlight=*:*
Portrait of a Man (1970),Karol Prentice,./record/122735?highlight=*:*
Unknown (1968),Paul Youngs,./record/53591?highlight=*:*
Untitled (1962),Deborah Eadie,./record/112447?highlight=*:*
Untitled (1983),Robert Rivers,./record/99801?highlight=*:*
Interior Scene (1968),Ian Patterson,./record/21341?highlight=*:*
Untitled (1963),Ruth Walker,./record/22017?highlight=*:*
Unknown (1950),Thomas Clapperton,./record/50562?highlight=*:*
Portrait of a Girl (1937),Vanessa Bell,./record/99798?highlight=*:*
The Sun Dissolves while Man Looks Away from the Unborn Child Mesmerized by the New Technologies,"Eduardo Luigi Paolozzi KBE, RA",./record/21703?highlight=*:*
Seated Female Nude (1954),Leslie Drummond,./record/21259?highlight=*:*
Cornfield (1963),Joan Eardley,./record/21957?highlight=*:*
Winter Seascape,Kathleen Russell,./record/122892?highlight=*:*
Northern Highland Landscape (1934),William Wilson,./record/21677?highlight=*:*
Untitled - City Highrise (Feb 1962),William Gillon,./record/99482?highlight=*:*
Lid (1920s),Emma Gillies,./record/122080?highlight=*:*
Light Around Limbo (2016),Joseph Glover,./record/99263?highlight=*:*
Unknown (1962),Carol Handyside,./record/50480?highlight=*:*
Georgian waistcoat (1700-1799),Unknown,./record/102662?highlight=*:*
Seated Male Nude with Glasses (Circa 1968),Gregory Lummell,./record/21284?highlight=*:*
Seated Male Nude (1956),James Robertson,./record/21245?highlight=*:*
Portrait of a Man (1952),J Shillabeer,./record/21201?highlight=*:*
Untitled (2006),Siri Gossman,./record/99883?highlight=*:*
The Idea (1991),Karen Guthrie,./record/21907?highlight=*:*
Two Seated Women and One Standing Woman (1949),Douglas Gordon,./record/21099?highlight=*:*
Extrude (2013),Charlotte Roseberry,./record/21302?highlight=*:*
Man in His Garden (DEC 1977),Muriel A. M. Kirkwood,./record/21672?highlight=*:*
Unknown (1951),Harold F Burnett,./record/50572?highlight=*:*
Untitled (1963),Iona Murray,./record/99402?highlight=*:*
Portrait of a Boy (1955),Peter McGinn,./record/21219?highlight=*:*
Untitled (Unknown),S J Dooley,./record/99911?highlight=*:*
Machine stitched net (1946),Unknown,./record/102688?highlight=*:*
Teacup,Emma Gillies,./record/53638?highlight=*:*
Unknown (MAY 1949),John W. Corner,./record/50520?highlight=*:*
Unknown (1950),B. J. Chambers Crabtree,./record/50513?highlight=*:*
Portrait of a Bearded Man (1960),Marjory Dickson,./record/20993?highlight=*:*
Untitled (2007),Rob Hunter,./record/99893?highlight=*:*
Landscape with Bridge and Loch (Circa 1987),Renny J. Tait,./record/22519?highlight=*:*
Untitled (2007),Vikki Hill,./record/99966?highlight=*:*
Interior Scene,Sigrid Gordon,./record/21462?highlight=*:*
Untitled (Unknown),Donald Clark,./record/21636?highlight=*:*
Trafalgar Square (1963),Unknown,./record/21773?highlight=*:*
Untitled (Unknown),Unknown,./record/21838?highlight=*:*
Sleeping Female Nude (1950),Alexander F Mitchell,./record/21057?highlight=*:*
Abstract City Landscape (1967),Christine Watson,./record/53609?highlight=*:*
Figures and Sunshine (1962),Leon Francesco Morrocco,./record/21400?highlight=*:*
Unknown (1954),John P Busby,./record/50570?highlight=*:*
Untitled (1980),Unknown,./record/99824?highlight=*:*
Portrait - Girl (1946),Dorothy M. Peach,./record/22707?highlight=*:*
Reclining Male Nude (1954),David Ewans,./record/21252?highlight=*:*
Unknown (1958),Katherine Cowan,./record/50514?highlight=*:*
Lucius Junius Brutus,Unknown,./record/20561?highlight=*:*
Portrait of Girl in Jumper (1964),William Gillon,./record/99324?highlight=*:*
Unknown (1947-1948),Marjorie Wallace,./record/50443?highlight=*:*
Opuntia Basilaris Engelmann and Bigelow 1957 (1993-1994),Jane Watt,./record/99459?highlight=*:*
Untitled - Men and Fishing Nets (1963),Ann F Ward,./record/99345?highlight=*:*
Unknown,Unknown,./record/53540?highlight=*:*
The Canteen (1947),Marjorie B. Wallace,./record/122778?highlight=*:*
Posts in the Landscape (01 MAY 1985),Allison E Sharpe,./record/21469?highlight=*:*
Woman with Neck Scarf (1981),Alistair M. Banks,./record/122875?highlight=*:*
Corner of the Garden Palazzo Barderini Rome (FEB 1948),Marjorie Wallace,./record/20852?highlight=*:*
Morgue (1997),Susan Calder,./record/22684?highlight=*:*
North Berwick from Belhaven Bay (Unknown),Catherine Orbach,./record/21792?highlight=*:*
Untitled (Unknown),Unknown,./record/21988?highlight=*:*
Entry into Jerusalem (1956),Peter McGinn,./record/122719?highlight=*:*
Untitled (Unknown),Valerie Anderson,./record/21890?highlight=*:*
Seated Man Seen from Behind (Circa 1955),Peter McGinn,./record/21089?highlight=*:*
Untitled (1984),Unknown,./record/21602?highlight=*:*
Standing Male Nude (1952),Unknown,./record/21222?highlight=*:*
Snowed Under (1998),John Brown,./record/21863?highlight=*:*
Toledo (1950),Alastair Flattely,./record/21374?highlight=*:*
Craigleith Island July '92 (1992),Delia M Surplice,./record/99415?highlight=*:*
Espresso Saucer (1920s),Emma Gillies,./record/53679?highlight=*:*
Large Head (1984),Gwen W. Hardie,./record/22622?highlight=*:*
Tskihrva (Unknown),Boris Bućan,./record/22043?highlight=*:*
Colourful Landscape with Monoliths (1959),Jacqueline A N Stieger,./record/20824?highlight=*:*
Woodland #4 (2007),Asbjorn Hollerud,./record/99898?highlight=*:*
Ravenscraig Castle (1953),Ian J. D. Short,./record/122775?highlight=*:*
Embroidered cloth,Winsome Douglass,./record/113836?highlight=*:*
Riders from South Frieze of the Parthenon (1836-1837),NA,./record/20718?highlight=*:*
Portrait of a Woman (1949),Leszek Muszynski,./record/21076?highlight=*:*
Unknown (1947),Thomas M. B. Watt,./record/50575?highlight=*:*
Untitled (1954),Ian Hodkinson,./record/111041?highlight=*:*
Untitled (Unknown),Unknown,./record/99960?highlight=*:*
The Repairable Flatpack Toaster (2017),Kasey Hou,./record/100020?highlight=*:*
Riders: Parthenon Frieze (1836-1837),NA,./record/20706?highlight=*:*
Hairy Veg (2016),Eden Hawkins,./record/99266?highlight=*:*
Untitled (Unknown),Unknown,./record/21853?highlight=*:*
Back of Woman wearing Long Dress with Bustle (1955-1956),Jacqueline A N Stieger,./record/20822?highlight=*:*
Seated Nude Woman (1951),James P W Syme,./record/22513?highlight=*:*
Shell-Shapes (1989),Dorothy Black,./record/21973?highlight=*:*
Still Life with Kettle,Ronald G Browne,./record/122935?highlight=*:*
Unknown (Circa 1890),Unknown,./record/50460?highlight=*:*
Unknown (1949),Betty Elston,./record/50581?highlight=*:*
Untitled (1963),Alison Keith,./record/22007?highlight=*:*
Aurora (2013),Marissa Stoffer,./record/47442?highlight=*:*
Seated Man on White Chair (1989),Claire E. Banks,./record/22555?highlight=*:*
Espresso Saucer (1920s),Emma Gillies,./record/53681?highlight=*:*
Teapot,Emma Gillies,./record/122550?highlight=*:*
Late-night (Circa 1959),John Boyle,./record/21335?highlight=*:*
Untitled,Anne Waterhouse,./record/112342?highlight=*:*
Seated Male Nude (1958),Peter Standen,./record/20862?highlight=*:*
Untitled (1968),Michael Jannarelli,./record/22505?highlight=*:*
Man with Spring Plants (1953),Leonard Baskin,./record/21687?highlight=*:*
Unknown (1950),Francis Curran,./record/50505?highlight=*:*
Still Life (1983),Ruth Stirling,./record/122772?highlight=*:*
2uit Deconstructing One/I'm Not That Basic (2006),Rachel Garguilo,./record/99885?highlight=*:*
Woman Sewing (1963),Chloe E Brayn,./record/99374?highlight=*:*
Untitled (Unknown),Unknown,./record/21604?highlight=*:*
Portrait of a Man (1951),James Wilson,./record/21226?highlight=*:*
Vase (1920s),Emma Gillies,./record/122132?highlight=*:*
Abstract with White Paper Strips,Alistair J. Magee,./record/22540?highlight=*:*
Abstract (1967),Eileen E M Lawrence,./record/22614?highlight=*:*
Sleeping Male Nude (1970),Elsbeth Coop,./record/20970?highlight=*:*
Untitled - Nude Figure Lying in Bed (1984),Joseph Sharples,./record/99333?highlight=*:*
Untitled (1997),Peter Marshall,./record/21889?highlight=*:*
Stadium (1987-1988),Jane V Hyslop,./record/21457?highlight=*:*
Charioteers from North Frieze of the Parthenon (1836-1837),NA,./record/20678?highlight=*:*
Self Portrait (1951),Barbara C. Balmer,./record/22708?highlight=*:*
Portrait of a Man (1948),Sheena Page,./record/21071?highlight=*:*
Seated Male Nude (1965),J Lord,./record/21291?highlight=*:*
Riders from South Frieze of the Parthenon (1836-1837),NA,./record/20720?highlight=*:*
Portrait of a Man Seated (1960),Jane Heggie,./record/20980?highlight=*:*
Embroidered panel,Winsome Douglass,./record/113835?highlight=*:*
Plate (1924),Emma Gillies,./record/53726?highlight=*:*
Untitled - Abstract Still Life of Flowers and Fruit (1963),Ann F Ward,./record/99351?highlight=*:*
Four Abstract Panels,Linda A. Henniker,./record/21460?highlight=*:*
Miner and Dog (Unknown),Sir Sidney Nolan,./record/21679?highlight=*:*
Untitled (Unknown),Unknown,./record/21620?highlight=*:*
Untitled (Unknown),Unknown,./record/21596?highlight=*:*
Don Quixote (Unknown),Unknown,./record/21682?highlight=*:*
Japanese Scene with Fish,George M. Donald,./record/112494?highlight=*:*
Untitled (1987),Mia Stanley,./record/21577?highlight=*:*
Untitled,Jane Strachen,./record/20758?highlight=*:*
Plate,Emma Gillies,./record/53720?highlight=*:*
Untitled,Peter Pretsell,./record/99796?highlight=*:*
Lit Doorway,C. K.?,./record/22541?highlight=*:*
Portrait of Woman in a Hat (1958),Robert M E Callender,./record/21326?highlight=*:*
Seated Female Nude (1959),Robert M E Callender,./record/122827?highlight=*:*
Reclining Female Nude (Circa 1967),Eileen E M Lawrence,./record/21355?highlight=*:*
The Harbour (Apr 1982),Susan Thores,./record/21974?highlight=*:*
Tree and Horses (1955),Carol Duke,./record/122964?highlight=*:*
Standing Male Nude (21 MAY 1954),Margaret Proudfoot,./record/21251?highlight=*:*
Sketch of Figure in a Window for Final Composition,Colin Brown,./record/53567?highlight=*:*
Untitled - Deli of a Butcher Shop (1984),Heidi J P Kosaniuk,./record/99436?highlight=*:*
Untitled (Unknown),Unknown,./record/21850?highlight=*:*
Untitled (1963),Iona Murray,./record/22003?highlight=*:*
Charlotte (1984),B.R. Coode-Adams,./record/21600?highlight=*:*
North State (2013),Tiina Lilja,./record/47438?highlight=*:*
Still Life (1968),Alfons B. Jasinski,./record/122702?highlight=*:*
Still Life with Twigs and Teazles (Circa 1950),Joan Connell,./record/122858?highlight=*:*
Man in Vest (1964),Carole V Danielson,./record/22664?highlight=*:*
Untitled (1962),Janette Brown,./record/99376?highlight=*:*
Still Life with a Jar of Cherries (1969),Rosemary E. Hamblin,./record/122683?highlight=*:*
Untitled (Unknown),Unknown,./record/21874?highlight=*:*
Big Top (Circa 1968),Gillian Mather,./record/21485?highlight=*:*
Self Portrait,Vivien Alexander,./record/122918?highlight=*:*
Viennese embroidery in frame (1936),Unknown,./record/100010?highlight=*:*
Untitled (1967),Lawrence Roche,./record/21758?highlight=*:*
Part Piece,Christopher Nugent,./record/122967?highlight=*:*
Untitled,Garry Marshall,./record/112341?highlight=*:*
"Male Nude, possibly Hermes (with bubbly feet)",Unknown,./record/20603?highlight=*:*
Untitled (1983),Unknown,./record/21894?highlight=*:*
Mods and Rockers,George M. Donald,./record/122829?highlight=*:*
Riders from the West Frieze of the Parthenon (1836-1837),NA,./record/20669?highlight=*:*
Untitled (1983),Elizabeth Gourlay,./record/21595?highlight=*:*
Untitled (1977),Katherine Keil,./record/21618?highlight=*:*
The Stone of Orkney (2012),Teruo Isomi,./record/21366?highlight=*:*
Portrait of a Standing Woman (07 FEB 1957),Albert Robson,./record/20814?highlight=*:*
Untitled (Unknown),Vivien Hinkley,./record/21858?highlight=*:*
Unknown,Robert Euman,./record/53546?highlight=*:*
Reclining Male Nude (1957),William J. Dungate,./record/20964?highlight=*:*
Efficacious Force (2013),Marissa Stoffer,./record/47443?highlight=*:*
Woman Sitting,Helen M. Percy,./record/122798?highlight=*:*
Untitled (1955),Alan Bartram,./record/99828?highlight=*:*
The Dive (1966),William S. T. Brodie,./record/22601?highlight=*:*
"Metope 1, south entablature, Parthenon (1837)",NA,./record/20639?highlight=*:*
Still Life with Striped Cloth and Pots,David Rifat,./record/22691?highlight=*:*
Untitled (Unknown),Unknown,./record/99914?highlight=*:*
Espresso Saucer (1920s),Emma Gillies,./record/53684?highlight=*:*
Untitled (2002),Sarah Jamieson,./record/99946?highlight=*:*
Riders from South Frieze of the Parthenon (1836-1837),NA,./record/20721?highlight=*:*
"Still Life with White Lace, Fish and Edinburgh Castle (1967)",Marie Waugh,./record/22580?highlight=*:*
Unknown (1950),Zygmunt Bukowski,./record/53558?highlight=*:*
Seated Female Nude (1954),D Stewart Lowdon,./record/21241?highlight=*:*
Four Orchids,Susan Alexander,./record/50408?highlight=*:*
Still Life with Mirror (1970),Peter Wheeler,./record/122815?highlight=*:*
Untitled,John Kieran,./record/112499?highlight=*:*
Untitled (1946),Vivian Chapman,./record/21734?highlight=*:*
Portrait Study (1950),Thomas Kim Redpath,./record/22703?highlight=*:*
Untitled (Unknown),Wendy Gunn,./record/21718?highlight=*:*
Untitled (1983),Unknown,./record/21837?highlight=*:*
Composition with Wire Form (1994),John Maclean,./record/47458?highlight=*:*
Landscape with Farmhouse (1948),Margaret Simster,./record/20799?highlight=*:*
"HKD Burg Giebichenstein Halle, Germany (APR 2002)",Sabine Lechner,./record/21908?highlight=*:*
Untitled (Unknown),Patrick Wichtler,./record/21949?highlight=*:*
Unknown (Unknown),Unknown,./record/21866?highlight=*:*
Self Portrait (1966),John Bellany,./record/20741?highlight=*:*
Portrait of a Woman (1939-1940),Robert A Campbell,./record/21129?highlight=*:*
Peacocks at Beveridge Park (20 Apr 1984),Unknown,./record/21631?highlight=*:*
Autumnal Image,John Johnstone,./record/22632?highlight=*:*
Riders from the North Frieze of the Parthenon (1836-1837),NA,./record/20711?highlight=*:*
Abstract Composition in Yellow and Blue (Circa 1976),Gordon MacDonald,./record/22556?highlight=*:*
Reclining Female Nude (1953),Mary Edmond,./record/20895?highlight=*:*
Untitled (2002),Jo Ganter,./record/99923?highlight=*:*
Unknown (1958),Andrew P. W. Conkie,./record/50525?highlight=*:*
Mrs Nico (1963),Chloe E Brayn,./record/122876?highlight=*:*
Unknown (1963),Roger Cameron,./record/53590?highlight=*:*
Untitled (Unknown),Unknown,./record/21789?highlight=*:*
The Mirror Conspiracy (2007),Joakim Lund,./record/99972?highlight=*:*
Still Life,Vivien Alexander,./record/122874?highlight=*:*
Untitled (Unknown),Patrick McKenzie Smith,./record/21614?highlight=*:*
View of a Street (1980),Calum Wilson,./record/21454?highlight=*:*
"Circo Togni, Ravenna (1957)",Peter McGinn,./record/21114?highlight=*:*
Squirrel (1920s),Emma Gillies,./record/122125?highlight=*:*
Reclining Female Nude (1969),Leslie McConnell,./record/21274?highlight=*:*
Portrait of a Man,John Hunter,./record/21041?highlight=*:*
Still Life with Jugs and Milk Bottle (Circa 1962),Kathleen B. Russell,./record/122781?highlight=*:*
Untitled (Unknown),Edward Stratton,./record/21800?highlight=*:*
"Two Female Nudes: One Standing, One Seated",John Pettie,./record/122724?highlight=*:*
Seated Woman (30 May 1949),David McClure,./record/21039?highlight=*:*
Untitled - Birdcage and Baby (1963),Ann F Ward,./record/99349?highlight=*:*
Opuntia Claiata (1993),Jane Watt,./record/21956?highlight=*:*
Unfinished Portrait,Unknown,./record/122907?highlight=*:*
Part of petticoat,Unknown,./record/100004?highlight=*:*
Landscape (1966),Beth D. Mitchell,./record/22675?highlight=*:*
Sea Harvest (1953),John Muench,./record/21753?highlight=*:*
Sitting Nude Woman (1967),Jean B. M. Lothian,./record/22626?highlight=*:*
Untitled - Cubist Guitar Player (1963),Ann F Ward,./record/99350?highlight=*:*
Abstract,Alan T. Johnston,./record/22609?highlight=*:*
Squeeeeeze (2016),Ruoyan Wang,./record/99240?highlight=*:*
Dish (1924),Emma Gillies,./record/122068?highlight=*:*
Portrait of a Woman (1962),James T Carlyle,./record/21282?highlight=*:*
Mythical Composition with Four Figures and Coastal Cliffs,Victorine Anne Schilsky,./record/22656?highlight=*:*
Untitled (Unknown),George Glen,./record/21720?highlight=*:*
Unknown (1950),John W. Corner,./record/50518?highlight=*:*
Untitled (1969),Rosemary Hamblin,./record/22004?highlight=*:*
Portrait of a Woman (1962),Carl O Ekevall,./record/21285?highlight=*:*
Portrait of Joe (1965),Gordon Bryce,./record/99279?highlight=*:*
Fragments (1969),Ian G. Robertson,./record/122734?highlight=*:*
Self-Portrait (1968),Arthur J Baglee,./record/99381?highlight=*:*
Untitled (1987),Pamela Richardson,./record/21570?highlight=*:*
Self Portrait against Window (Circa 1983),Gwen W. Hardie,./record/22593?highlight=*:*
Untitled (Unknown),Frelyn Morton,./record/21969?highlight=*:*
Untitled (Unknown),Unknown,./record/21952?highlight=*:*
Transposition (Red and Gold) (2014),Emma Smith,./record/47457?highlight=*:*
Silenus and the Infant Dionysos,Unknown,./record/20586?highlight=*:*
Performing Labour (2020),Aisling Ward,./record/113780?highlight=*:*
Seated Female Nude (1959),Violet Thomson,./record/21145?highlight=*:*
Whitey 1.1 (2015),Stephanie Maclean,./record/53780?highlight=*:*
Portrait of a Man (1962),Leslie Johns,./record/21263?highlight=*:*
Patrick Nuttgens (recto),John Whittaker,./record/22738?highlight=*:*
Portrait of a Woman (1959),W Bryden,./record/21105?highlight=*:*
Cantoria (right panel),Unknown,./record/20580?highlight=*:*
Tottenham Court Road Underground (1987),"Eduardo Luigi Paolozzi KBE, RA",./record/21702?highlight=*:*
Nude in Blue,Unknown,./record/122971?highlight=*:*
Unknown (Circa 1890),Unknown,./record/50464?highlight=*:*
Tray-bearer from North Frieze of the Parthenon (1836-1837),NA,./record/20688?highlight=*:*
Untitled - Two Men in Suits (1967),Catherine Robin,./record/99412?highlight=*:*
Untitled (1966),Molly Harris,./record/99833?highlight=*:*
Empty Potato Field,Frances M. Walker,./record/22693?highlight=*:*
Unknown (1960),Robin E. Bownass,./record/50605?highlight=*:*
Untitled (2006),Aimee Laporte,./record/99880?highlight=*:*
Untitled (1976),Paul Grime,./record/21831?highlight=*:*
Untitled (Unknown),David [Unknown],./record/21990?highlight=*:*
Central Park in the Dark Some 40 Years Ago (1974-1976),"Eduardo Luigi Paolozzi KBE, RA",./record/21000?highlight=*:*
Portrait of a Seated Young Woman (MAR 1960),John Gilbert,./record/20998?highlight=*:*
Landscape with Resting Harvesters (1953),John Houston,./record/122708?highlight=*:*
South Frieze of the Parthenon Frieze (1836-1837),NA,./record/20695?highlight=*:*
Untitled,A. Thomas,./record/111045?highlight=*:*
Teacup,Emma Gillies,./record/53636?highlight=*:*
Untitled (1960),Robert L Snowden,./record/21541?highlight=*:*
Tiraz (Unknown),Victoria C F Bernie,./record/21918?highlight=*:*
Portrait of a Man (1960),John Johnstone,./record/21357?highlight=*:*
Skeleton (1957),Norman E Kirkpatrick,./record/21023?highlight=*:*
Portrait of a Man (19 NOV 1958),A Robson,./record/20936?highlight=*:*
Stairway (Circa 1979),Jean B. M. Lothian,./record/22636?highlight=*:*
Seated Male Nude with Foot Resting on Stool (1961),Plehakraborty,./record/21296?highlight=*:*
Standing Male Nude (1959),Kenneth Dingwall,./record/21332?highlight=*:*
IV (1963),John Bellany,./record/20745?highlight=*:*
Unknown (1960),John Gilbert,./record/53490?highlight=*:*
Unknown (18 MAY 1948),Edward A. Gage,./record/50630?highlight=*:*
Crouching Venus,Unknown,./record/19845?highlight=*:*
Study of Female Nude on All Fours (1952),Alastair Fairweather,./record/50423?highlight=*:*
Unknown (15 FEB 1956),Alan M. Alexander,./record/50593?highlight=*:*
Portrait of a Man (1954),Elizabeth Blackadder,./record/21408?highlight=*:*
Old Town (1998),John Brown,./record/21865?highlight=*:*
'Gods' and Chiton Figure from East Frieze of the Parthenon (1836-1837),NA,./record/20684?highlight=*:*
Seated Male Nude on Stool (1955),J Salter,./record/21193?highlight=*:*
Small Landscape (1946),Dorothy M. Peach,./record/21069?highlight=*:*
Untitled,Dr Ainslie Yule,./record/99534?highlight=*:*
Unknown,Iain Holden,./record/53534?highlight=*:*
Untitled,Susan Gierasik,./record/21715?highlight=*:*
Performing Labour II (2019),Aisling Ward,./record/113778?highlight=*:*
Seated Female Nude (1953),Mary Edmond,./record/20896?highlight=*:*
Profile of Female Nude (Circa 1970),Patrick J. Hickey,./record/22510?highlight=*:*
Seated Female Nude (1957),Hillary Lewis,./record/21160?highlight=*:*
Teacup,Emma Gillies,./record/53641?highlight=*:*
Untitled (Unknown),Stella Auchinleck,./record/21572?highlight=*:*
Standing Female Nude (1954),Margaret Proudfoot,./record/21246?highlight=*:*
Landscape near Florence (DEC 1955),John P Busby,./record/21383?highlight=*:*
Untitled (Unknown),Unknown,./record/21710?highlight=*:*
Composition with Two Figures in Lime Green,Unknown,./record/22657?highlight=*:*
Architectural Drawing,Adri C Chrichton,./record/21514?highlight=*:*
Seated Female Nude (1968),Alan T. Johnston,./record/21424?highlight=*:*
Standing Male Nude (28 NOV 1956),James Nicholson,./record/21153?highlight=*:*
Maize III (1979),Penelope Low,./record/99472?highlight=*:*
La bohème (1984),Boris Bućan,./record/22034?highlight=*:*
Self Portrait (1953),Laura E. Nye,./record/122915?highlight=*:*
Rooster (Unknown),Milton Goldstein,./record/21657?highlight=*:*
Standing Female Nude (1925-1926),John Maxwell,./record/93357?highlight=*:*
Study for picture 'Waking of Brynhildr' (1897),Pavlov Chailly,./record/50473?highlight=*:*
Standing Male Nude (1953),William Mercer,./record/20943?highlight=*:*
Untitled - Life Drawing of Reclining Nude Male (1967),Isobel T Johnstone,./record/99250?highlight=*:*
Portrait of a Seated Woman (1958),Peter Standen,./record/20865?highlight=*:*
Standing Male Nude (1951),Matilda Smith,./record/21227?highlight=*:*
A World under Your Feet/ Composition with Yellow Crosses (diptych) (1990),Alistair W. Clark,./record/122960?highlight=*:*
Jug (1920s),Emma Gillies,./record/122072?highlight=*:*
Untitled (17 May 2000),Kate Stancliffe,./record/22001?highlight=*:*
Two Female Heads (1959),Denness Morton,./record/21077?highlight=*:*
Felicity Who Went to Peru (1986),Faye Banks,./record/21897?highlight=*:*
Turquoise and Pink (Circa 1969),Maureen Marshall,./record/22546?highlight=*:*
Untitled,Robert Maclaurin,./record/111033?highlight=*:*
Untitled (1997),Rachel Clark,./record/21876?highlight=*:*
Mannequin,Anna Millar,./record/22628?highlight=*:*
Nettleton (1977),"Eduardo Luigi Paolozzi KBE, RA",./record/21698?highlight=*:*
Interior Scene of a Bar (1950),Alastair Flattely,./record/21373?highlight=*:*
Small Anatomical figure (male),NA,./record/20598?highlight=*:*
Life-Drawing (1928),Robert Heriot Westwater,./record/100023?highlight=*:*
Perpetual Expansion (2006),Melinda Cross,./record/99886?highlight=*:*
Victorian collar (1956),Unknown,./record/102699?highlight=*:*
Portrait of a Woman Seated (1958),Richard McNeill,./record/20893?highlight=*:*
ça et là au bord de la mer (Jul 1993),Jane Watt,./record/21955?highlight=*:*
Untitled (Unknown),Kate Stancliffe,./record/21601?highlight=*:*
Alistair Park (1952),Frances M. Walker,./record/122758?highlight=*:*
Dušan Jovanović: Vojna Tajna (1983),Boris Bućan,./record/22032?highlight=*:*
Still Life with Goblets (1959),Alan M. Alexander,./record/22743?highlight=*:*
Still Life with Two Fish and Bottles (Circa 1958),Robert M E Callender,./record/102661?highlight=*:*
Hand Thrown Bowl (1920s),Emma Gillies,./record/53733?highlight=*:*
Two Views of a Reclining Male Nude (1960),Kenneth R Wheatley,./record/20858?highlight=*:*
Untitiled (1934),A. Patterson Barclay,./record/21803?highlight=*:*
Untitled (1988),Jo de Pear,./record/21935?highlight=*:*
Untitled (1985-1986),Norman Cameron,./record/21634?highlight=*:*
1986 Edinburgh College of Art Degree Show (1986),Hilary A. Fisher,./record/21582?highlight=*:*
Portrait of Joanna,Alex Mitchell,./record/122711?highlight=*:*
Untitled,Jean M. A. Conacher,./record/112352?highlight=*:*
Hyde Park,Unknown,./record/50476?highlight=*:*
Plate (1920s),Emma Gillies,./record/53675?highlight=*:*
Untitled (1983),Pauline Cumming,./record/21899?highlight=*:*
Printed Fabric,Robin Jones,./record/22538?highlight=*:*
People on Bench,Hazel Rich,./record/22525?highlight=*:*
Untitled (1966),Helen G. S Forde,./record/99814?highlight=*:*
High St. Harlesden (1964-1965),Gordon Bryce,./record/99283?highlight=*:*
Supporters scarves (United We Stand Divided We Fall) (2024),Eilidh McKeown,./record/123749?highlight=*:*
The Miraculous Draught of Fishes (1951),Edward A. Gage,./record/122881?highlight=*:*
Serving Plate,Emma Gillies,./record/53619?highlight=*:*
Dark Landscape with Monoliths (1959),Jacqueline A N Stieger,./record/20823?highlight=*:*
Fiddlers (1952),Walter Rogalski,./record/21656?highlight=*:*
"Vale of Health, Hampstead Heath (1950)",Alexander Cree,./record/50545?highlight=*:*
Unknown,Leonard I. H. Gray,./record/53486?highlight=*:*
The Room (1980),Stephen H. Harrison,./record/122681?highlight=*:*
Unknown (1969),J Lyle,./record/53608?highlight=*:*
Obstacle - Govan Hill Baths (2014),Charles Myatt,./record/47455?highlight=*:*
Untitled,Colin Vernall,./record/22631?highlight=*:*
Espresso Saucer (1920s),Emma Gillies,./record/53689?highlight=*:*
"Metope 4, south entablature, Parthenon (1837)",NA,./record/20649?highlight=*:*
Untitled (2002-2007),Greta Grendaite,./record/99897?highlight=*:*
Untitled (FEB 1963),John Bellany,./record/21534?highlight=*:*
Unknown,Ursula Giles,./record/53489?highlight=*:*
Portrait of a Man (1959),Jean I. Beattie,./record/20919?highlight=*:*
Seated Male Nude (Circa 1953),Mollie Parker,./record/20948?highlight=*:*
Horse (1920s),Emma Gillies,./record/53747?highlight=*:*
Full Length Nude Female (1949),Edith A. Blight,./record/22692?highlight=*:*
"The Old Church, Corstorphine (1939)",Hugh Ross Mackean,./record/21827?highlight=*:*
Embroidered panel,Winsome Douglass,./record/113833?highlight=*:*
Horse of Selene from the east pediment,NA,./record/20634?highlight=*:*
Unknown (1969),Brent D. Millar,./record/50378?highlight=*:*
Unknown (1956),Alan M. Alexander,./record/50594?highlight=*:*
Sampler Helen Martin (1936),Helen Martin,./record/102669?highlight=*:*
Portrait of a Man (1951),Pauline Ken,./record/21238?highlight=*:*
Violet (03 NOV 1958),Barbara Strachan,./record/20867?highlight=*:*
Caged Birds (Circa 1984),Valerie Anderson,./record/123335?highlight=*:*
Eclectic (2007),Catherine Sargeant,./record/99852?highlight=*:*
Portrait of a Man (1957),Unknown,./record/21250?highlight=*:*
Nude in Sunlight (1983),Gwen W. Hardie,./record/22542?highlight=*:*
Unknown (Unknown),Unknown,./record/21970?highlight=*:*
The Dead Christ (1831),Unknown,./record/20573?highlight=*:*
Untitled,M. Donlevy,./record/112506?highlight=*:*
Prendre la clef des Chaps (1963),Ann F Ward,./record/99346?highlight=*:*
Angel Playing Pipes (Unknown),Unknown,./record/20608?highlight=*:*
Portrait of a Woman,V Timmins,./record/21442?highlight=*:*
Unknown,Claire Alexander,./record/50391?highlight=*:*
Groom and horses from North Frieze of the Parthenon (1836-1837),NA,./record/20713?highlight=*:*
Portrait of a Man through a Door,Paul Gladston,./record/21526?highlight=*:*
Landscape with Rocks and Trees (1953-1954),D. Gordon Campbell,./record/20797?highlight=*:*
Untitled (1995-1996),Arabella Harvey,./record/21724?highlight=*:*
Standing Figure (Circa 1979),Ursula M. Henning,./record/22517?highlight=*:*
Unknown (1952),Rosemary Bagshaw,./record/53517?highlight=*:*
Portrait of a Woman,Lucy Bowman,./record/21512?highlight=*:*
Untitled (1989),Joanne Leonie Milne,./record/21888?highlight=*:*
Plate (1920s),Emma Gillies,./record/53674?highlight=*:*
Seated Female Nude (1967),Kevin Maguire,./record/99359?highlight=*:*
Untitled (Unknown),Susie Wilson,./record/21964?highlight=*:*
The Stove (1948),Leszek T. Muszynski,./record/122730?highlight=*:*
Unknown (31 OCT 1962),Norman Macdonald,./record/53596?highlight=*:*
Abstract,V. Constant,./record/111444?highlight=*:*
Portrait of a Man,Anthony Sinclair,./record/21483?highlight=*:*
Untitled (1981),Isobel Jack,./record/21578?highlight=*:*
Magpie (1989),Jane V Hyslop,./record/99961?highlight=*:*
Unknown (1947),Margaret C. Ogilvy,./record/50494?highlight=*:*
Still Life with Figure (1961),Vivien Alexander,./record/122767?highlight=*:*
Standing Male Nude,John Hunter,./record/21043?highlight=*:*
Thick Pale Green,Unknown,./record/22547?highlight=*:*
Still Life with Coffee Pot on Stool (1952),Mollie E N Langlands,./record/22711?highlight=*:*
Standing Female Nude (1959),C Byron,./record/20916?highlight=*:*
The Smile You Put On Everyday (2016),Ruoyan Wang,./record/99241?highlight=*:*
"Nylqhare, Whipsnade (31 AUG 1946)",Mabel D. Lawford,./record/50535?highlight=*:*
Unknown (1950),William James Laidlaw Baillie,./record/50628?highlight=*:*
Hill Fence (1976),Alfons Bytautas,./record/50385?highlight=*:*
Small Landscape Study (1953),Iain West,./record/20849?highlight=*:*
Portrait of a Man (1983-1988),Renny Tait,./record/21472?highlight=*:*
Trees in Kensington Gardens (Unknown),John Kingsley Cook,./record/21694?highlight=*:*
Nude in Veil,Anna Millar,./record/22637?highlight=*:*
Untitled (1962),Paresh C. Chakraborty,./record/112306?highlight=*:*
Portrait of a Male,George A. MacPherson,./record/122726?highlight=*:*
Seated Male Nude (1954),Kathleen M D Mole,./record/21051?highlight=*:*
Unknown (1950),James T. Ferguson,./record/53499?highlight=*:*
Disturbance (2007),Edmundus Saladzius,./record/99891?highlight=*:*
Portrait of a Woman (1954),Thomas T Robertson,./record/21206?highlight=*:*
Plate (1920s),Emma Gillies,./record/53669?highlight=*:*
Unknown,Andrew Parkinson,./record/50410?highlight=*:*
Replica of parthenon slab PF049,NA,./record/20653?highlight=*:*
Unknown (1948),Marjorie Wallace,./record/50442?highlight=*:*
Two male figures from Parthenon Frieze,NA,./record/20662?highlight=*:*
Two Builders in an Industrial Landscape (1965),John MacLeod,./record/122710?highlight=*:*
Townscape with Church (1955),Margaret Proudfoot,./record/21034?highlight=*:*
Untitled (1963),Kathleen Russell,./record/22014?highlight=*:*
Unknown (23 JAN 1964),James Goodall,./record/50481?highlight=*:*
Man in Blue Waistcoat (1987),Henry Rogers,./record/21461?highlight=*:*
Standing Woman (1959),C Byron,./record/20915?highlight=*:*
Still Life with Orange Jug and Bottles,G. F. Patterson,./record/122961?highlight=*:*
Standing Male Nude Adjusting a Stand (1960),Jean Ritchie,./record/20790?highlight=*:*
Seated Male Nude (1954),David Ewans,./record/21228?highlight=*:*
"Electric Railway Station, Limerick (1986)",Josephine Ganter,./record/21809?highlight=*:*
Untitled (1961),Jean Connacher,./record/112343?highlight=*:*
Untitled,Derek McGuire,./record/112503?highlight=*:*
Reclining Male Nude (1957),Jean Ritchie,./record/20788?highlight=*:*
Abstract Composition with Brown and Grey (1960),Denness Morton,./record/21083?highlight=*:*
Woman in Historic Dress (Circa 1950),Edward A. Gage,./record/21394?highlight=*:*
Untitled (Unknown),Unknown,./record/21998?highlight=*:*
Border Fancy (1979),Colin Adams,./record/21630?highlight=*:*
Untitled - Figure on the Beach (1984),Heidi J P Kosaniuk,./record/99438?highlight=*:*
Portrait of a Seated Man (1960),Irene Ellis,./record/21210?highlight=*:*
Nude Woman,Mieczyslaw T. Janikowski,./record/22659?highlight=*:*
Bust of St. Joseph (1912),C Pouzadoux,./record/20550?highlight=*:*
Untitled (1962),Pat Semple,./record/21766?highlight=*:*
Unknown (1958),Andrew P. W. Conkie,./record/50527?highlight=*:*
Farm Building (1946),Dorothy M. Peach,./record/22735?highlight=*:*
Cup of Life (1994),Leah Oates,./record/21558?highlight=*:*
Unknown (1960),Lys Hansen,./record/53560?highlight=*:*
Still Life with Goblet (Circa 1958),Alan M. Alexander,./record/122797?highlight=*:*
Head of a Young Man (1950),Alison E. H. Stuart,./record/22689?highlight=*:*
Hedge Cut (1998),John Brown,./record/21852?highlight=*:*
Abstract Composition in Yellow (Circa 1972),Charles K. S. Shaw,./record/22599?highlight=*:*
Composition with Two Dresses (1969),David A. H. Gibsone,./record/122869?highlight=*:*
Untitled (1963),Carol Handyside,./record/99841?highlight=*:*
Reclining Male Nude (1959),James C. Y. Gavin,./record/20878?highlight=*:*
Unknown (1964),Cameron,./record/53586?highlight=*:*
Untitled (1966),Helen G. S Forde,./record/99812?highlight=*:*
Untitled (1968),Gillian Mather,./record/22501?highlight=*:*
Untitled (1967),Margaret Lothian,./record/22026?highlight=*:*
Portrait of a Woman (1954),John P Busby,./record/21378?highlight=*:*
Portrait (1954),Ursula Giles,./record/21207?highlight=*:*
Composition with Table and String of Paper (Circa 1989),Claire E. Banks,./record/122833?highlight=*:*
Still Life (1994-1995),Kerry Watson,./record/21450?highlight=*:*
Untitled (Unknown),Derek Reid,./record/21642?highlight=*:*
Green Square Abstract,Unknown,./record/22625?highlight=*:*
Scraped Bus Wheel (1990),Alastair Clark,./record/21900?highlight=*:*
Sitting Nude Female (1977),Joanna I. Taylor,./record/22721?highlight=*:*
Unknown (1953),Laura Nye,./record/53571?highlight=*:*
Abstract in Yellow and Black (1991),Unknown,./record/22630?highlight=*:*
Untitled (2002),Lindsey Edghill,./record/99943?highlight=*:*
Saucer,Emma Gillies,./record/53629?highlight=*:*
Unknown (1939),Eleanora Borrie,./record/50608?highlight=*:*
Espresso Saucer (1920s),Emma Gillies,./record/53690?highlight=*:*
29 Split Summer Festival (1983),Boris Bućan,./record/22041?highlight=*:*
Untitled - Standing Nude Male Draped with a Robe (1963),Gordon Bryce,./record/99275?highlight=*:*
Yellow Mist,Unknown,./record/122899?highlight=*:*
Cat (1950),Zygmunt Bukowski,./record/21323?highlight=*:*
Robin (1953),Diana M. Douglas-Hamilton,./record/22741?highlight=*:*
Sampler on course slub material,Unknown,./record/102665?highlight=*:*
Untitled (Unknown),Anne Slater,./record/21797?highlight=*:*
Self Portrait,Lesley M. Johns,./record/22731?highlight=*:*
Untitled,Dr Ainslie Yule,./record/99535?highlight=*:*
Hand Thrown Pot (1920s),Emma Gillies,./record/53736?highlight=*:*
Study for Mural - Industrial Unrest,Robert M E Callender,./record/21147?highlight=*:*
Landscape (1961),Robin Forrester,./record/21294?highlight=*:*
Seated Female Nude (1966-1967),George Donald,./record/21094?highlight=*:*
Tiger Tiger (Unknown),Enid Marx,./record/21664?highlight=*:*
Untitled (Unknown),Ciaran O'Nuallian,./record/99971?highlight=*:*
Unknown (24 JAN 1947),Eric Forrest,./record/50588?highlight=*:*
Untitled (Unknown),Unknown,./record/21782?highlight=*:*
Portrait of a Woman (1958),John Boyd,./record/20957?highlight=*:*
Saucer,Emma Gillies,./record/53664?highlight=*:*
Untitled - Paris cityscape with Two Cranes (1963),Ann F Ward,./record/99343?highlight=*:*
Espresso Cup (1920s),Emma Gillies,./record/53697?highlight=*:*
Male Model with Towel (1950),Alexander Cree,./record/22661?highlight=*:*
Still Life with Jar (Circa 1958),Peter C. Standen,./record/122788?highlight=*:*
Travelling (Nov 1947),Dorothy M. Peach,./record/21737?highlight=*:*
Filtrate (1991),Joan Rutie,./record/21967?highlight=*:*
Composition unified by blue using under colour orange (1962),John Bellany,./record/20777?highlight=*:*
Seated Female Nude on Painted Wooden Chair (1967),Gwendolene H. MacKenzie,./record/122722?highlight=*:*
Dish (1920s),Emma Gillies,./record/53723?highlight=*:*
Portrait of a Man Seated (possibly),Paul Furneaux,./record/21517?highlight=*:*
Forth Shore II (1985),Gwyneth M. Leech,./record/21801?highlight=*:*
Man with Wooden Leg Pulling Barrow of Flowers (1958-1959),Peter Standen,./record/20795?highlight=*:*
Trying to be So Quiet,Nicola M. Wheal,./record/122902?highlight=*:*
Unknown (1950),James Bowman,./record/50610?highlight=*:*
Portrait of a Woman (1939-1940),James H Donaldson,./record/21123?highlight=*:*
Munich Olympics (1972),Alan Davie,./record/21536?highlight=*:*
Unknown (MAR 1960),John Gilbert,./record/53492?highlight=*:*
Unknown (1949),Margaret Moodie,./record/50492?highlight=*:*
Madonna of the Roses (2007),Rachael Cawley,./record/99968?highlight=*:*
Red Abstract Landscape (1972),Barbara C. Mackie,./record/122748?highlight=*:*
Portrait of a Man (1954),Elizabeth Blackadder,./record/21405?highlight=*:*
Unknown (1947),Eric Forrest,./record/50587?highlight=*:*
Unknown (1960),Hugh Deans,./record/53576?highlight=*:*
Valley Landscape (Circa 1950),Marion M Cooper,./record/21389?highlight=*:*
Mary Ann Park Sampler (1819),Mary Ann Park,./record/102706?highlight=*:*
Untitled (1946),Eileen Bennett,./record/21733?highlight=*:*
Untitled (1983),Susan Coles,./record/21892?highlight=*:*
Two Standing Male Nudes (1953),Eileen Duncan,./record/20930?highlight=*:*
Untitled - Still Life with Flowers and Pitchers (1963),Helen Wishart,./record/99452?highlight=*:*
The Misadventure (1989),John Brown,./record/99468?highlight=*:*
Sweden - boats tied up at quayside (1963),Ann F Ward,./record/99348?highlight=*:*
Seated Male Nude (1953),Ian Short,./record/20941?highlight=*:*
Head of a Woman Wearing Beads (1952),Frances Walker,./record/20846?highlight=*:*
Male Portrait (1969),Elizabeth E. Eastmond,./record/22690?highlight=*:*
Untitled - Woman and Man (1981),Kirsty A Kirkwood,./record/99439?highlight=*:*
Untitled - Woman with Bun (1963),Iona Murray,./record/99401?highlight=*:*
Riders from the North Frieze of the Parthenon (1836-1837),NA,./record/20705?highlight=*:*
Fields with Haystacks (1953),Iain West,./record/20851?highlight=*:*
Ship in Dry Dock,Graham High,./record/22532?highlight=*:*
Teacup,Emma Gillies,./record/53654?highlight=*:*
In the Garden (2019),Zuzana Ullmannová,./record/113745?highlight=*:*
Untitled (2007),Jo Ganter,./record/99974?highlight=*:*
Lewis Landscape (1983),Ann C. Campbell,./record/123111?highlight=*:*
Nude Woman with Oranges (1962),Norma M. Kirk,./record/122914?highlight=*:*
Unknown (1974),Ian Robertson,./record/50390?highlight=*:*
24 Composition,Christopher Nugent,./record/21527?highlight=*:*
Multiple Studies of a Woman in a Long Dress and Bonnet (1956),Jacqueline A N Stieger,./record/20820?highlight=*:*
Racing Circuit (1987-1988),Jane V Hyslop,./record/21456?highlight=*:*
Untitled (1983-1984),Lindsay Marshall,./record/50386?highlight=*:*
etc (2006),Catherine Robbie,./record/99865?highlight=*:*
Unknown (1963),Janette Brown,./record/50396?highlight=*:*
Riders from the West Frieze of the Parthenon (1836-1837),NA,./record/20674?highlight=*:*
Portrait of a Woman (1964),Carole V Danielson,./record/21346?highlight=*:*
Unknown,Alexander Cree,./record/50549?highlight=*:*
Plate (1920s),Emma Gillies,./record/53673?highlight=*:*
Untitled (MAR 1997),Unknown,./record/21919?highlight=*:*
Untitled - Still Life With Flowers (1961-1962),Gwendolene E Roger,./record/99400?highlight=*:*
Portrait of a Young Woman (1958),Richard McNeill,./record/20890?highlight=*:*
Male Nude Leaning on a Table (verso),Unknown,./record/22650?highlight=*:*
Standing Female Nude (1957),Ruth Illingworth,./record/20934?highlight=*:*
"Acanthus Scrolls, Temple of Venus Genetrix, Rome",Unknown,./record/20560?highlight=*:*
Still Life (1995),Lorna McIntosh,./record/22607?highlight=*:*
Small Portrait of a Woman in Brown,Polly A. Lister,./record/22672?highlight=*:*
Untitled - Abstract Portrait of King (1961),John Mitchell,./record/99366?highlight=*:*
Dying Adonis (Pre 1837),Clement Pappi,./record/20596?highlight=*:*
Sienna Cathedral (1982),Ann Oram,./record/102660?highlight=*:*
Unknown (1950),Zygmunt Bukowski,./record/53557?highlight=*:*
Male Figure (1958),David Rifat,./record/122731?highlight=*:*
Unknown (1953-1954),Lawrence F. Baxter,./record/50616?highlight=*:*
Espresso Cup (1920s),Emma Gillies,./record/53698?highlight=*:*
Portrait of a Seated Figure (1958),Alan Alexander,./record/21164?highlight=*:*
Untitled (1977),Eve F. Thomson,./record/99826?highlight=*:*
Art Magazine Ads (1988-1989),Jeff Koons,./record/21365?highlight=*:*
Untitled,Kirkland Main,./record/99988?highlight=*:*
Unknown,Douglas Baxter,./record/50400?highlight=*:*
Evening Jaipur No.2,Ernest S. Lumsden,./record/21750?highlight=*:*
Portrait of a Young Woman (1960),William Hillary,./record/20984?highlight=*:*
Self Portrait (Nov 1981),Richard Wright,./record/20771?highlight=*:*
Seated Female Nude (1956),Priscilla McEwan,./record/21237?highlight=*:*
Seated Man and Woman,Elizabeth Blackadder,./record/20775?highlight=*:*
Table-Top Still Life (Circa 1968),Alan T. Johnston,./record/122693?highlight=*:*
Man Sleeping (Possiby),Claudia Petretti,./record/21477?highlight=*:*
Couple Near a Window,Unknown,./record/22597?highlight=*:*
Legless Graham (Unknown),Jennifer Blake,./record/21995?highlight=*:*
Unknown,Unknown,./record/50420?highlight=*:*
Landscape (1968),Alastair Burns,./record/21273?highlight=*:*
Untitled (1991-1992),Kate McKenzie,./record/21993?highlight=*:*
Train Station Interior,Eric Urquhart,./record/21507?highlight=*:*
Unknown (Unknown),Unknown,./record/21807?highlight=*:*
Untitled - Abstract Male (1960),George H McIntosh,./record/99396?highlight=*:*
Woman in Garden (1952),Mollie E N Langlands,./record/22652?highlight=*:*
Portrait of a Man (1959),Jean I. Beattie,./record/20920?highlight=*:*
St. George (Pre 1837),Unknown,./record/20590?highlight=*:*
Figure in a Setting (Circa 1963),Unknown,./record/122818?highlight=*:*
Aerial (2007),Anna Warsop,./record/99904?highlight=*:*
Untitled (1987),Susan Jones,./record/21880?highlight=*:*
Untitled (Unknown),Victoria C F Bernie,./record/21786?highlight=*:*
Unknown,Gibbs,./record/50415?highlight=*:*
Untitled (Unknown),Unknown,./record/21621?highlight=*:*
Bathroom Interior (1968),Alison Hutton,./record/99272?highlight=*:*
Portrait of a Man (1960),Jean Cochrane,./record/20981?highlight=*:*
Standing Male Nude with Staff (Circa 1952),David Michie,./record/21035?highlight=*:*
Chinese sleeveband. Figures,Unknown,./record/102700?highlight=*:*
Isobel L Alexander sampler (1944),Isobel L Alexander,./record/102668?highlight=*:*
Self portrait (2006),Bridget Steed,./record/99857?highlight=*:*
Unknown (1957),William J. Dungate,./record/53524?highlight=*:*
Sleep and the City (1957),Norman E Kirkpatrick,./record/21024?highlight=*:*
Woven fragments (waistcoat),Unknown,./record/102702?highlight=*:*
"""Kilns"" Longpoint (1949)",Alfred Hackney,./record/123557?highlight=*:*
Lid (1920s),Emma Gillies,./record/122076?highlight=*:*
Seaside Landscape (1953),Thelma M Macdonald,./record/21011?highlight=*:*
Reclining Male Nude (1952),Annette G B Ronald,./record/20817?highlight=*:*
Standing Male Nudes (1950),Sheila Robertson,./record/20808?highlight=*:*
Unknown (Unknown),Unknown,./record/21904?highlight=*:*
Book holder,Winsome Douglass,./record/113838?highlight=*:*
Mountainous Landscape (Circa 1974),Peter Wheeler,./record/122813?highlight=*:*
Untitled (Unknown),Unknown,./record/21617?highlight=*:*
Saucer,Emma Gillies,./record/53666?highlight=*:*
Portrait of an Elderly Man (1953),Ian Short,./record/21204?highlight=*:*
Standing Female Nude (1964),Kirkland Main,./record/21167?highlight=*:*
Untitled - Figured Drawing of Woman in Early Ninteenth Century Costume (1964-1965),Gordon Bryce,./record/99328?highlight=*:*
Study for Life Painting (1958),Andrew Smith,./record/21149?highlight=*:*
"Armorial panel from left tower of Mar's Wark, Stirling (Pre 1893)",Unknown,./record/20555?highlight=*:*
Curtain (1961),Unknown,./record/100008?highlight=*:*
Dish (1920s),Emma Gillies,./record/122069?highlight=*:*
Untitled (1974),Fiona Carlisle,./record/21594?highlight=*:*
Building in a Landscape,Ruth Stirling,./record/21523?highlight=*:*
Abstract with Blue Stripes (quadriptych) (1969),Ian G. Robertson,./record/22571?highlight=*:*
Untitled - Leaning Semi-Nude Male (1962),Roselyn M Underwood,./record/99443?highlight=*:*
Apollo Sauroktonos,Unknown,./record/20588?highlight=*:*
Red on Black Abstract,S. R. Morris,./record/122729?highlight=*:*
Composition with Three Figures against a Pink and Yellow Background (Circa 1968),Alan T. Johnston,./record/22596?highlight=*:*
Standing Female Nude (NOV 1957),Walter Miller,./record/20908?highlight=*:*
Two Men Standing,Charlene Anderson,./record/21091?highlight=*:*
Portrait of a Man in a Cap (1960),Irene Ellis,./record/20982?highlight=*:*
Reclining Female Nude (JAN 1958),Walter Miller,./record/20906?highlight=*:*
Portrait of a Woman (1956),Joan Rogers,./record/21187?highlight=*:*
Unknown (1964),McKinnell,./record/50478?highlight=*:*
Untitled (1986),Andrew Arnott,./record/21626?highlight=*:*
San Gimignano from the Fields (1989),Jane V Hyslop,./record/21693?highlight=*:*
Self Portrait,Jacqueline A N Stieger,./record/22699?highlight=*:*
March Morning (Circa 1956),Peter G. Collins,./record/22648?highlight=*:*
"Figure Composition with Nurse and Child, and Woman with Budgies (Circa 1950)",Edward A. Gage,./record/22579?highlight=*:*
Alligator,Morag A. MacDonald,./record/22575?highlight=*:*
Portrait of a Woman (1953),A Scott,./record/21198?highlight=*:*
Portrait of Andrew Gorrie (1964),Joyce M Cumming,./record/21347?highlight=*:*
Unknown,Jeffery Camp,./record/50564?highlight=*:*
Gem cabinet 5 (of 6) containing 43 medallions (Unknown),Unknown,./record/20619?highlight=*:*
Male Portrait (1959),Denness Morton,./record/22710?highlight=*:*
"Couplings, Paper bags (2017)",Tessa Lynch,./record/102737?highlight=*:*
Fish and Circles (Circa 1982),Wilhelmina Barns-Graham CBE HRSA HRSW,./record/54747?highlight=*:*
Drawing of Dominico Mancini (1946),Dorothy M. Peach,./record/21740?highlight=*:*
Reclining Female Nude on Bed with White Drapes (1994),Susan J. Anderson,./record/122963?highlight=*:*
Portrait of a Man (1968),Doreen Turner,./record/21271?highlight=*:*
Plakati Hrvatskog Narodnog Kazališta Split (1984),Boris Bućan,./record/22036?highlight=*:*
Leprosy Capital (Diptych),Paul J Donaldson,./record/21444?highlight=*:*
Border Wayleave (1990),Hazel Holmes,./record/22523?highlight=*:*
Untitled (1981-1986),Paul John Croft,./record/21860?highlight=*:*
Untitled (1964),James Goodall,./record/99847?highlight=*:*
Untitled (1980),Unknown,./record/99823?highlight=*:*
Unknown (1955),Alejandro B. Brasó,./record/50603?highlight=*:*
Untitled (1967),William G.H. Fulton,./record/99820?highlight=*:*
Sunset (1959),Denness Morton,./record/21081?highlight=*:*
Standing Male Nude with Staff (1960),Derek Shiel,./record/20815?highlight=*:*
John Stone (1950),David McClure,./record/22666?highlight=*:*
Standing Nude Woman (1964),William M. McG. Gillon,./record/122755?highlight=*:*
Theatre (Unknown),Rob McLaurin,./record/21749?highlight=*:*
Unknown (1960),Alan M. Alexander,./record/50596?highlight=*:*
Interior of Glasshouse at Botanical Gardens (1982),Rena R. Simpson II,./record/99332?highlight=*:*
Untitled,Unknown,./record/99860?highlight=*:*
Swedish coffee pot cover,Unknown,./record/102687?highlight=*:*
Unknown,Unknown,./record/53562?highlight=*:*
Unknown,Alan M. Alexander,./record/50599?highlight=*:*
Bird in Flight (1988),Wilhelmina Barns-Graham CBE HRSA HRSW,./record/99302?highlight=*:*
Portrait of a Seated Woman (1962),Elizabeth G. Kellar,./record/21293?highlight=*:*
Small brown female figure with long wavy hair,NA,./record/20547?highlight=*:*
Romeing (2013),Marissa Stoffer,./record/47444?highlight=*:*
Untitled,Roy M. W. Cameron,./record/112348?highlight=*:*
Saucer,Emma Gillies,./record/53665?highlight=*:*
Ship in the Dockyard,Caroline Boyle,./record/21502?highlight=*:*
Portrait of a Seated Woman in Fur Coat (1965-1966),George Donald,./record/21173?highlight=*:*
Unknown (1952),George Roderick Carmichael,./record/50569?highlight=*:*
Portrait of a Boy (1950),Cecile E. M. Johnstone,./record/22667?highlight=*:*
For Mayte Carrasco (Unknown),Elspeth Lamb,./record/21887?highlight=*:*
Embroidered panel,Winsome Douglass,./record/113832?highlight=*:*
River Thames,Unknown,./record/122785?highlight=*:*
Reclining Female Nude (1961),Gwendolene H. MacKenzie,./record/22718?highlight=*:*
Landscape (possibly),John Brown,./record/21428?highlight=*:*
Balmacarra,Sir William George Gillies,./record/47435?highlight=*:*
Untitled (Unknown),Unknown,./record/21881?highlight=*:*
Unknown (1957),Lawrence F. Baxter,./record/50617?highlight=*:*
Still Life with Decanter (1962),Kathleen B. Russell,./record/122780?highlight=*:*
Portrait of Josephine Baker (1997),"Eduardo Luigi Paolozzi KBE, RA",./record/50366?highlight=*:*
Portrait of a Man (1956),J Gorman,./record/21181?highlight=*:*
Ecorche of Houdon,Unknown,./record/20602?highlight=*:*
No. 75,Olivia Grehang,./record/53482?highlight=*:*
Portrait of a Man in a Suit (Mar 1963),John Bellany,./record/20776?highlight=*:*
Unknown,Gordon Anderson,./record/50411?highlight=*:*
Untitled (1962),Robert S. Crozier,./record/112311?highlight=*:*
Riders from the North Frieze of the Parthenon (1836-1837),NA,./record/20708?highlight=*:*
Studio Interior (Unknown),Hilary A. Fisher,./record/21678?highlight=*:*
Untitled (1996),Jennifer C. Lindsay,./record/21929?highlight=*:*
Untitled (Unknown),Wendy Gunn,./record/21719?highlight=*:*
Untitled - Drawing of a Girl Sitting in Profile (1964-1965),Gordon Bryce,./record/99325?highlight=*:*
Unknown (1961),John Binning,./record/53587?highlight=*:*
Untitled - Woman in Hat with Ribbon (1980),Carolyn S Byres,./record/99426?highlight=*:*
Untitled,Bennett,./record/111042?highlight=*:*
Still Life and Boat at Sea (1961),Vivien Alexander,./record/122849?highlight=*:*
Untitled (1966),Helen G. S Forde,./record/99817?highlight=*:*
Woman Seated (1954),John P Busby,./record/21380?highlight=*:*
Untitled - Two Boys in Patterned Shirts (1985-1986),Dorothy Black,./record/99467?highlight=*:*
Italian Cityscape (1953-1954),Trevor Stubley,./record/20798?highlight=*:*
Portrait of a Man (Circa 1951),Helmut F G Petzsch,./record/21391?highlight=*:*
"Metope 9, south entablature, Parthenon (1837)",NA,./record/20645?highlight=*:*
Unknown (1950),Muriel Davidson,./record/53476?highlight=*:*
Standing Nude Woman (1955),Edith C. Duke,./record/122832?highlight=*:*
Chinese spectacle case,Unknown,./record/102704?highlight=*:*
Unknown,Alexander Cree,./record/50547?highlight=*:*
Seated Female Nude (1956),J Salter,./record/21183?highlight=*:*
Rabbit,Emma Gillies,./record/53751?highlight=*:*
Metope South 27 from the Parthenon (1837),NA,./record/20643?highlight=*:*
Portrait of a Woman (1951),Rosemary Bagshawe,./record/21234?highlight=*:*
Goat,Winsome Douglass,./record/113829?highlight=*:*
Two Pipers in the Sunlight (1953),Leonard Rosoman,./record/21752?highlight=*:*
Skeleton (1969),Richard Hunter,./record/21275?highlight=*:*
From the Viking Age (1897),Pavlov Chailly,./record/50469?highlight=*:*
Untitled (Unknown),Victoria C F Bernie,./record/21784?highlight=*:*
Female Nude (1949),Marion M Cooper,./record/122861?highlight=*:*
Tropical Bird Study (09 MAY 1962),Lesley M. Johns,./record/99330?highlight=*:*
Standing Male Nude with Staff (1950),Cecile E M Johnston,./record/21025?highlight=*:*
Untitled - Portrait of a Reading Woman (Apr 1963),William Gillon,./record/99478?highlight=*:*
Portrait of a Woman (1947),James Cumming,./record/21363?highlight=*:*
Rugby Players' Changing Room (1952),Trevor Stubley,./record/20796?highlight=*:*
Table Runner,Anne Roscoe,./record/123304?highlight=*:*
Unknown (1956),Alan M. Alexander,./record/50597?highlight=*:*
Untitled (1983-1984),Lindsay Marshall,./record/21565?highlight=*:*
Untitled (1963),John Milligan,./record/99355?highlight=*:*
Untitled (2006),Amelia Smith,./record/99863?highlight=*:*
Boats and Collies (1929),Ernest S. Lumsden,./record/21751?highlight=*:*
Unknown (1950),Alexander Cree,./record/50544?highlight=*:*
Fragment of ornament (arch springing),Unknown,./record/20566?highlight=*:*
Seated Male Nude (1959),Violet Thomson,./record/21146?highlight=*:*
Untitled (1990-1991),Anne Weddell,./record/21977?highlight=*:*
Opuntia Basilaris Engelmann and Bigelow 1856 (1993-1994),Jane Watt,./record/99458?highlight=*:*
Portrait of a Woman (1960),John Johnstone,./record/21356?highlight=*:*
Riders from South Frieze of the Parthenon (1836-1837),NA,./record/20731?highlight=*:*
Standing Female Nude (1955),Peter McGinn,./record/122728?highlight=*:*
Standing Male Nude (1952),Adam Robson,./record/20809?highlight=*:*
Untitled - Still Life of Kitchen Table in Red (1963),William O. Little,./record/99270?highlight=*:*
Back of Kneeling Male Nude (1953),Maurice Chamberlain,./record/50559?highlight=*:*
Portrait of a Young Man (1951),Pamela D Moore,./record/21050?highlight=*:*
Abstract,C Pulsford,./record/21084?highlight=*:*
Portrait - Woman (1963),Janette R. Brown,./record/123334?highlight=*:*
Portrait of a Seated Man (MAY 1960),John Gilbert,./record/20997?highlight=*:*
Still Breathing,Stuart T. MacKenzie,./record/22660?highlight=*:*
Still Life - Tomatoes (1960),Thora Clyne,./record/22719?highlight=*:*
Horse (1920s),Emma Gillies,./record/122122?highlight=*:*
Untitled (Unknown),Unknown,./record/21551?highlight=*:*
Abstract Still Life (Circa 1975),Lindsay Moran,./record/20761?highlight=*:*
Unknown (1963),Roger Cameron,./record/50436?highlight=*:*
Inscription Panel from Trajan's Column (right side),Unknown,./record/20537?highlight=*:*
"Unknown, abstract (2004)",Amy Marshall,./record/99486?highlight=*:*
Landscape (1951),James P W Syme,./record/20836?highlight=*:*
Untitled,Robin S. Taylor,./record/122968?highlight=*:*
South Frieze of the Parthenon Frieze (1836-1837),NA,./record/20698?highlight=*:*
Venus Marina,Unknown,./record/20594?highlight=*:*
Agriculture,Unknown,./record/20534?highlight=*:*
Untitled (Unknown),Unknown,./record/21557?highlight=*:*
"Tomb of Ferry de Gros, Lord of Dyeghem Nieunland",Unknown,./record/20567?highlight=*:*
"The Beach, Summer Composition (1958)",Robert M E Callender,./record/22590?highlight=*:*
Rabid Dog,Roland Corbin,./record/122962?highlight=*:*
Unknown (MAY 1948),John W. Corner,./record/50516?highlight=*:*
Seated Male Nude with Staff (1958),Ian Hodkinson,./record/20882?highlight=*:*
Plate (1924),Emma Gillies,./record/53727?highlight=*:*
Untitled (1969),Gabrielle Stubbs,./record/22488?highlight=*:*
Green and Cream Geometric (1974),Evelyn White,./record/122810?highlight=*:*
Banners of the Banned (MAY 2017),Elle McKee,./record/100019?highlight=*:*
Untitled (2002),Sarah Sanford,./record/99954?highlight=*:*
Wildflowers and Butterfly (Circa 1954),John P Busby,./record/22627?highlight=*:*
Untitled (1969),Richard Easson,./record/99830?highlight=*:*
Teacup,Emma Gillies,./record/53653?highlight=*:*
Untitled (1989),Karen Guthrie,./record/21886?highlight=*:*
Whitework baby's bonnet,Unknown,./record/102708?highlight=*:*
Teacup,Emma Gillies,./record/53645?highlight=*:*
Untitled - Standing Nude Female (1963-1964),Irene G. Thomson,./record/99419?highlight=*:*
Discophoros,Unknown,./record/20589?highlight=*:*
Untitled - Semi-Nude Woman Combing Her Hair (1961-1962),Ann F Ward,./record/99353?highlight=*:*
Woman (1966),James H. Fairgrieve,./record/22617?highlight=*:*
Untitled (1962),Carl O Ekevall,./record/99497?highlight=*:*
Human Skeleton and Fruit (1958-1959),Peter Standen,./record/20792?highlight=*:*
My Friend Jackie,Claudia Petretti,./record/122738?highlight=*:*
"Venus de Milo, 130-10 BC",Unknown,./record/20592?highlight=*:*
Powderhall (1994),Jane Weatherly,./record/123108?highlight=*:*
Untitled (2004),Shona Van Dam,./record/21791?highlight=*:*
Portrait of a Woman (1953),Peter Brady,./record/21203?highlight=*:*
Unknown (1950),James T. Ferguson,./record/53496?highlight=*:*
Untitled (1967),Christine Watson,./record/21772?highlight=*:*
Unknown (1978),William J. Rennie,./record/50427?highlight=*:*
Forest (Circa 1988),Sheila MacGregor,./record/21500?highlight=*:*
Unknown (1943-1944),William MacLaren,./record/50490?highlight=*:*
Unknown,Fiona Hewitt,./record/53599?highlight=*:*
Untitled (1969),John Stewart,./record/99528?highlight=*:*
Espresso Saucer (1920s),Emma Gillies,./record/53682?highlight=*:*
Sitting Nude Woman (1952),Maureen Baird,./record/122880?highlight=*:*
Farmland (possibly),Donald Clark,./record/21488?highlight=*:*
"St Mary's, Cilly Oct 27 1927 (27 OCT 1927)",Ben Nicholson,./record/53471?highlight=*:*
Untitled (1989),Joanne Leonie Milne,./record/21562?highlight=*:*
Life Drawing (Male Nude Reclining on Front) (1962),John Bellany,./record/20763?highlight=*:*
The Strike (1953),Robert Marx,./record/21691?highlight=*:*
Untitled (Unknown),Unknown,./record/21895?highlight=*:*
Unknown (1954),D. Gordon Campbell,./record/50634?highlight=*:*
"Seated Fate, east pediment of the Parthenon",NA,./record/20637?highlight=*:*
Untitled (2003),Andrea Bain,./record/99938?highlight=*:*
Untitled - Abstract Figures and Shapes (1965-1966),James B. Thomson,./record/99449?highlight=*:*
Unknown (1962),Lesley M. Johns,./record/50502?highlight=*:*
The Milliner's Shop (Circa 1946),Marjorie H. McLachlan,./record/122744?highlight=*:*
Portrait of Sister (1958),Frances M. Walker,./record/22680?highlight=*:*
Unknown,Unknown,./record/50407?highlight=*:*
Untitled (2004),Rebecca Firth,./record/21818?highlight=*:*
Unknown,Unknown,./record/50384?highlight=*:*
Horse (1920s),Emma Gillies,./record/122121?highlight=*:*
Untitled,A. Parkinson,./record/112501?highlight=*:*
William Shakespeare Otelo (1983),Boris Bućan,./record/22040?highlight=*:*
Portrait of a Man in Profile (1951),Helmut F G Petzsch,./record/21392?highlight=*:*
Rooftops,A McIntosh,./record/21465?highlight=*:*
Elderly Man in Military Costume (1952),Frances Walker,./record/20847?highlight=*:*
Student in the Studio,Leon Francesco Morrocco,./record/21401?highlight=*:*
Untitled (1966),Simone Walker,./record/22477?highlight=*:*
Standing Male Nude (1958),Jacqueline A N Stieger,./record/20786?highlight=*:*
Tangled Leaves,Susan Alexander,./record/50401?highlight=*:*
Sedilia from Lincluden Collegiate Church (1912),Joseph Cavagnari,./record/20568?highlight=*:*
Portrait of a Man (1980s),Kirsty E. Raitt,./record/21439?highlight=*:*
Standing Male Nude (1959),Grace Nichol,./record/20956?highlight=*:*
Riders from the North Frieze of the Parthenon (1836-1837),NA,./record/20699?highlight=*:*
Passing Barges (1963),Geoffrey J Roper,./record/99369?highlight=*:*
Untitled (2007),Frea Buckler,./record/99967?highlight=*:*
"Architrave and lintel from Collegiate Church of St Gertrude, Nivelles, Belgium (Anglo-Saxon)",Unknown,./record/20552?highlight=*:*
"Untitled - Abstract Orange, Blue, and Brown Shapes (1963)",Anthony J Valentine,./record/99442?highlight=*:*
Untitled (Unknown),Unknown,./record/21569?highlight=*:*
Portrait of a Seated Woman (1960s),Sandra Miller,./record/21278?highlight=*:*
Water Dance (Porthmeor) IV (2006),Wilhelmina Barns-Graham CBE HRSA HRSW,./record/54753?highlight=*:*
Composition (1987),Gordon W. Boyd,./record/22564?highlight=*:*
Standing Nude Woman (Circa 1948),Thomas Kim Redpath,./record/122737?highlight=*:*
Jug (1920s),Emma Gillies,./record/53740?highlight=*:*
Saucer,Emma Gillies,./record/53660?highlight=*:*
Abstract Composition in Pale Grey (1994),Paula McQue,./record/123338?highlight=*:*
Unknown,Edith Duke,./record/53525?highlight=*:*
Untitled (1962),Carl O Ekevall,./record/99496?highlight=*:*
Blackbird on Toys,Gordon Mitchell,./record/22560?highlight=*:*
Seated Female Nude (Circa 1948),Marion M Cooper,./record/122868?highlight=*:*
Blindfolded Woman at Arch,David C Duke,./record/22551?highlight=*:*
Jug (1920s),Emma Gillies,./record/53623?highlight=*:*
Untitled (1962),Crosier,./record/22494?highlight=*:*
Untitled - Drawing of Harbour (1967),Isobel T Johnstone,./record/99255?highlight=*:*
"Pro Tanto Quid Retribuamus/For so much, what shall we give in return? (2017)",Lara Hirst,./record/100018?highlight=*:*
Two Standing Male Nudes (24 JAN 1951),Norma G Reid,./record/21393?highlight=*:*
Untitled (1963),Madelene R Galloway,./record/99821?highlight=*:*
Sixteen Boxes,John Mooney,./record/21804?highlight=*:*
Reclining Nude with Jacket (1967),Christine Malcolm,./record/21266?highlight=*:*
Portrait of a Man (1959),NA,./record/20973?highlight=*:*
Cityscape,Norman Taylor,./record/22582?highlight=*:*
Unknown (1950),Patrick W. Barclay,./record/50621?highlight=*:*
"Untitled - Abstract Green, Purple and Brown Shapes (1989)",Joanne Leonie Milne,./record/99388?highlight=*:*
Queen Anne apron (1700-1799),Unknown,./record/102684?highlight=*:*
Portrait of a Man (1939),Jessie May Stirling,./record/21134?highlight=*:*
Fy Experience (2023),Ffion Williams,./record/123695?highlight=*:*
Standing Female Nude (1957),Peter Coyle,./record/20969?highlight=*:*
Unknown (MAY 1963),Gregor Smith,./record/53501?highlight=*:*
Espresso Cup (1920s),Emma Gillies,./record/53693?highlight=*:*
Unitled (Unknown),S J Dooley,./record/99909?highlight=*:*
Reclining Female Nude (1952),John Houston,./record/21352?highlight=*:*
Reclining Nude Woman (1962),Norma M. Kirk,./record/122692?highlight=*:*
Teacup,Emma Gillies,./record/53639?highlight=*:*
Portrait of Seated Woman (25 JAN 1966),George Donald,./record/21175?highlight=*:*
Untitled (Unknown),Unknown,./record/21982?highlight=*:*
Saucer,Emma Gillies,./record/53632?highlight=*:*
Untitled (2001),Antonio Marcos Martin,./record/21921?highlight=*:*
Seated Male Nude in High-back Chair (1969),James Campbell,./record/21270?highlight=*:*
Seated Female Nude (1953),James Martin,./record/21059?highlight=*:*
"A PHP Error was encountered Severity: Warning Message: Undefined array key ""dctitleen"" Filename: views/search_results.php Line Number: 98 A PHP Error was encountered Severity: Warning Message: Trying to access array offset on null Filename: views/search_results.php Line Number: 98 (1965)",Frances Sander,./record/99526?highlight=*:*
Prophet (1953),Ben Zion,./record/21684?highlight=*:*
Untitled,R. Euman,./record/112502?highlight=*:*
Winged Victory of Samothrace (Post 1879),Musée Royal du Louvre,./record/20585?highlight=*:*
Standing Female Nude (Circa 1952),David Michie,./record/21037?highlight=*:*
Untitled - Abstract Ocean of Dark Reds and Greens and Blacks (1993),Norman Shaw,./record/99463?highlight=*:*
View of a Fair (1949),David McClure,./record/21333?highlight=*:*
Horse and Cart (1956),Moira E. Brown,./record/22712?highlight=*:*
Untitled,Sara Gough,./record/112504?highlight=*:*
Portrait of a Seated Woman (1958),Alan Alexander,./record/21166?highlight=*:*
Abstract in Brown and Blue (1988),George M. Glen,./record/22565?highlight=*:*
Unknown (1946),Allan Lefley,./record/50485?highlight=*:*
Unknown (1950),Patrick W. Barclay,./record/50620?highlight=*:*
A Head (Unknown),Unknown,./record/21561?highlight=*:*
Interior (Circa 1975),Brian D. Henderson,./record/22623?highlight=*:*
Self Portrait at an Easel (Circa 1961),Ann F Ward,./record/122816?highlight=*:*
Unknown (1975),Ruth Stiven,./record/50398?highlight=*:*
Notes for Final Composition (23 SEP 1985),Unknown,./record/53539?highlight=*:*
Barley Field (1963),Anne E Jones,./record/99257?highlight=*:*
Untitled (1987),Martin McInally,./record/21939?highlight=*:*
Seated Female Nude (1953),Diana Douglas-Hamilton,./record/20927?highlight=*:*
Unknown (1960),Hugh Deans,./record/53577?highlight=*:*
Still Life Jugs (1957),Beatrice Patricia Grimshaw,./record/122878?highlight=*:*
Reclining Male Nude (1959),Jean I. Beattie,./record/20923?highlight=*:*
Portrait of a Middle Aged Woman (1949),Leszek Muszynski,./record/22515?highlight=*:*
Portrait of a Woman (1962),Helen Wishart,./record/21297?highlight=*:*
Portrait of a Man,Michael Douleny,./record/21480?highlight=*:*
Portrait of a Woman (1959),Kenneth Dingwall,./record/21328?highlight=*:*
Seated Female Nude (1959),C Byron,./record/20917?highlight=*:*
Figure of Dionysos from the Parthenon (east pediment) (1837),Westmacott,./record/20632?highlight=*:*
Inverleith,Janice McNab,./record/22526?highlight=*:*
Riders from South Frieze of the Parthenon (1836-1837),NA,./record/20728?highlight=*:*
Portrait (1953),George Roderick Carmichael,./record/22644?highlight=*:*
Piana degli Greci (1958),Beatrice Patricia Grimshaw,./record/53481?highlight=*:*
Step 3 (2013),Maria Hadam,./record/21308?highlight=*:*
Untitled (1946),Vivian Chapman,./record/21735?highlight=*:*
Standing Male Nude (1964),Kirkland Main,./record/21169?highlight=*:*
Untitled (1965),Euphemia (Fay) S. Wright,./record/22496?highlight=*:*
Abstract in Grey and Brown (1994),Paul Dalrymple,./record/122904?highlight=*:*
Teacup,Emma Gillies,./record/53634?highlight=*:*
Modesty vest,Unknown,./record/102682?highlight=*:*
Unknown (1957),Alejandro B. Brasó,./record/50602?highlight=*:*
Untitled (1989),Joanne Leonie Milne,./record/21896?highlight=*:*
Untitled,Elaine Speirs,./record/122771?highlight=*:*
Memories (1983),Stuart T. MacKenzie,./record/22629?highlight=*:*
Sugar Bowl,Emma Gillies,./record/53676?highlight=*:*
Seascape (1978),Michael Kinane,./record/21492?highlight=*:*
Life Painting (Circa 1952),David Michie,./record/20737?highlight=*:*
Limits (2014),Phoebe Mitchell,./record/54759?highlight=*:*
Riders from the North Frieze of the Parthenon (1836-1837),NA,./record/20710?highlight=*:*
Untitled,McArthur,./record/111043?highlight=*:*
Unknown,Unknown,./record/53536?highlight=*:*
Unknown (1960),Hugh Deans,./record/53570?highlight=*:*
Frieze from the Temple of Athena Nike (left slab) (1827),NA,./record/20625?highlight=*:*
Portrait Sitting Nude Male (1961),Vivien Alexander,./record/122852?highlight=*:*
Bathers (Circa 1959),Robert M E Callender,./record/122835?highlight=*:*
Male Model in Studio (1961),Gabrielle M. Stubbs,./record/122761?highlight=*:*
Untitled - Abstract Blue and Green Squares (1994),Roger Elliot,./record/99461?highlight=*:*
Leprosy Capital (Diptych),Paul J Donaldson,./record/21445?highlight=*:*
Untitled (JAN 1997),Sharon Cornwill,./record/21920?highlight=*:*
The Jungle (1990),John Brown,./record/99469?highlight=*:*
Seated Male Nude (1953),Roy McCallum,./record/20897?highlight=*:*
Harbour (Circa 1965),James B. Thomson,./record/22619?highlight=*:*
Untitled - Sitting Nude Woman (1968),Alastair Burns,./record/99475?highlight=*:*
Seated Elderly Couple (Apr 1963),John Bellany,./record/20767?highlight=*:*
Putti with Candelabrum (right group),Unknown,./record/20538?highlight=*:*
Dutch Street Scene (1930s),Katherine Ogilvy,./record/122804?highlight=*:*
Untitled (1990s),Duncan N. Ganley,./record/21854?highlight=*:*
Falling Figure in an Autumn Valley (1968),Alistair T. B. Burns,./record/22589?highlight=*:*
Untitled (Unknown),Unknown,./record/21586?highlight=*:*
Saucer,Emma Gillies,./record/53659?highlight=*:*
Portrait of a Man in a Suit (1959),Albert Robson,./record/20784?highlight=*:*
One Pound Coin (2017),Lara Hirst,./record/100017?highlight=*:*
Twist (1989),Dorothy Black,./record/21849?highlight=*:*
Unknown,Unknown,./record/50430?highlight=*:*
Seated Male Nude (25 JAN 1954),Catherine M Gibson,./record/21229?highlight=*:*
Man in Black (possibly),Claudia Petretti,./record/21482?highlight=*:*
Male Portrait (1961),Paresh C. Chakraborty,./record/123106?highlight=*:*
Hibernation (1987),Alastair Mack,./record/21842?highlight=*:*
Seated Female Nude (1957),Isobel Howieson,./record/20962?highlight=*:*
Untitled (Unknown),Ruth Beale,./record/21942?highlight=*:*
Untitled (2007),Matt Carter,./record/99975?highlight=*:*
Unknown (1965),William S. T. Brodie,./record/53597?highlight=*:*
Unknown (1950),Jacquetta Burn-Callander,./record/50573?highlight=*:*
Part Figure/Part Landscape Composition (Circa 1970),Helen Grant,./record/123114?highlight=*:*
Untitled (Unknown),Dilys R. Lovell,./record/21574?highlight=*:*
Composition with Stripes and Full Moon (Circa 1973),Peter Bewsey,./record/20759?highlight=*:*
Untitled (1961),Dr Ainslie Yule,./record/99531?highlight=*:*
Saucer,Emma Gillies,./record/53621?highlight=*:*
Pair of sleeves,Unknown,./record/102676?highlight=*:*
Reclining Male Nude (06 NOV 1967),Sybil Erskine,./record/21111?highlight=*:*
The Bakery,Mollie E N Langlands,./record/122688?highlight=*:*
Swirlings (1989),Dorothy Black,./record/21972?highlight=*:*
Man and Woman in Brown (Circa 1975),Robin Paine,./record/22585?highlight=*:*
Untitled (11 NOV 1977),Lesley A. Crave,./record/21885?highlight=*:*
Reclining Male Nude (1958),Ian Hodkinson,./record/20880?highlight=*:*
Portrait of a Man (1959),C Byron,./record/20913?highlight=*:*
"""Mr Smith can't remove himself because he doesn't want to""",Ronald D. Forbes,./record/22583?highlight=*:*
Untitled,Susan Pettinger,./record/112500?highlight=*:*
untitled,Joyce M Cumming,./record/112357?highlight=*:*
Flowers Behind the Door (1953),Bernard Reder,./record/21658?highlight=*:*
Portrait of a Woman (1939),Olivia Cochrane,./record/21132?highlight=*:*
Summer Rain (1984),Tom Pow,./record/122727?highlight=*:*
Untitled (1960),Kathleen Russell,./record/99519?highlight=*:*
Untitled (1997),Sera K,./record/21779?highlight=*:*
Untitled (1962),Leslie Johns,./record/21767?highlight=*:*
Untitled (2002),Kirsty MacDonald,./record/99949?highlight=*:*
Unknown (1968),Gillian Mather,./record/53589?highlight=*:*
Portrait of a Man (Circa 1952),John Houston,./record/21351?highlight=*:*
Portrait of a Woman (1959),V Thomson,./record/20961?highlight=*:*
Portrait of a Seated Woman (1962),Carl O Ekevall,./record/21286?highlight=*:*
Unknown (1949),Mary D Thomson,./record/50452?highlight=*:*
Untitled (Unknown),J.,./record/21953?highlight=*:*
Crazily Paved (Unknown),John Brown,./record/21661?highlight=*:*
South Frieze of the Parthenon Frieze (1836-1837),NA,./record/20690?highlight=*:*
Portrait of a Woman (Carole Danielson) (1964),Kirkland Main,./record/21168?highlight=*:*
Woman with Cigarettes (Circa 1964),Kirkland Main,./record/122718?highlight=*:*
Untitled (Dec 1972),Alison Duncan,./record/21581?highlight=*:*
Architectural Interior (1980s),Kathleen A. Binns,./record/21430?highlight=*:*
Abstract Butterfly (1961),John G. Mitchell,./record/122911?highlight=*:*
Untitled (2002),Zillah Green,./record/99951?highlight=*:*
Untitled (1965),Hugh Tuckerman,./record/22025?highlight=*:*
A Puppet of Power (Circa 1956),Peter G. Collins,./record/22576?highlight=*:*
Unknown (1957),Peter Crorkin,./record/50508?highlight=*:*
Reclining Male Nude (FEB 1951),L Weir,./record/21223?highlight=*:*
Garden of Eden (1987),Unknown,./record/21608?highlight=*:*
Lucca (1949),J. C. Grant Duncan,./record/21367?highlight=*:*
"Commercial Street, Leith (1950)",John W. Corner,./record/21828?highlight=*:*
Untitled (Unknown),Anna Chapman,./record/21603?highlight=*:*
Reclining Nude (1968),Michael Docherty,./record/21177?highlight=*:*
Untitled - City Scene at Night (1964-1965),William Gillon,./record/99483?highlight=*:*
Portrait of Man in a Hat (1951),Adam Hogg,./record/21239?highlight=*:*
Riders from West Frieze of the Parthenon (1836-1837),NA,./record/20667?highlight=*:*
Two Women with Sail Boats,Unknown,./record/122757?highlight=*:*
Unknown,Douglas Gordon,./record/50633?highlight=*:*
Untitled (1966),Molly Harris,./record/99834?highlight=*:*
Back of Standing Male Nude with Stick (1954),John P Busby,./record/21377?highlight=*:*
Woman at a Table (1959),Alan M. Alexander,./record/122848?highlight=*:*
Untitled (2002),Gillian Curry,./record/99939?highlight=*:*
Untitled (Unknown),Nicholas File,./record/21781?highlight=*:*
River Scene with Boats (Circa 1954),Valerie M. Fraser,./record/122891?highlight=*:*
Untitled,Douglas Cook,./record/22567?highlight=*:*
Mourner No. 54 from the Tomb of John the fearless (Pre 1895),Unknown,./record/20610?highlight=*:*
Riders from the West Frieze of the Parthenon (1836-1837),NA,./record/20671?highlight=*:*
Untitled (Unknown),Susie Wilson,./record/21796?highlight=*:*
Untitled (Unknown),Unknown,./record/99922?highlight=*:*
Cow (1920s),Emma Gillies,./record/53752?highlight=*:*
Woman Wearing Head Cloth in Prayer or Begging,Katherine Ogilvy,./record/122965?highlight=*:*
Elders from East Frieze of the Parthenon,NA,./record/20685?highlight=*:*
Untitled - Figure Drawing of A Woman Sitting on the Side of a Chair (1964-1965),Gordon Bryce,./record/99274?highlight=*:*
John Mooney Paintings (1984),John Mooney,./record/21846?highlight=*:*
Unknown (1968),Maureen Purcell,./record/53588?highlight=*:*
Buildings,J Shore,./record/21494?highlight=*:*
Female Nude with Pitcher,Samuel John Peploe,./record/20736?highlight=*:*
The Cape of Good Hope Pub,Ella Smith,./record/21429?highlight=*:*
Still Life with Triumphal Arch (Circa 1958),Alan M. Alexander,./record/122886?highlight=*:*
Espresso Cup (1920s),Emma Gillies,./record/53694?highlight=*:*
Still Life with Torn Paper Collage,Unknown,./record/122783?highlight=*:*
West Coast Seascape (Unknown),Catherine Orbach,./record/21790?highlight=*:*
Untitled (Unknown),Unknown,./record/21566?highlight=*:*
Double Portrait (Circa 1981),Elizabeth A. Adamson,./record/123291?highlight=*:*
Portrait of a Seated Man (MAY 1960),John Gilbert,./record/20996?highlight=*:*
Portrait of a Woman (1950),Zygmunt Bukowski,./record/21368?highlight=*:*
Self Portrait - Male,Alexander Cree,./record/22697?highlight=*:*
Teapot (1924),Emma Gillies,./record/53742?highlight=*:*
Portrait of a Woman (1952),Barbara C. Balmer,./record/122867?highlight=*:*
Plate,Emma Gillies,./record/53729?highlight=*:*
Portrait of a Woman (1939),Jessie May Stirling,./record/21135?highlight=*:*
Untitled - Kings and Queens (1969),Michael T R B Turnbull,./record/99446?highlight=*:*
Untitled (1963),Carol Handyside,./record/99842?highlight=*:*
Anti-Matter (2013),Marissa Stoffer,./record/47441?highlight=*:*
Still Life with Blue Jug,Steiga,./record/122794?highlight=*:*
Still Life with Garden Fork (1964),Alexander Moffat,./record/93355?highlight=*:*
Fine lawn collar (1820),Unknown,./record/102681?highlight=*:*
Unknown,J Hamilton Glass,./record/50459?highlight=*:*
Gem cabinet 2 (of 6) containing 43 medallions (Unknown),Unknown,./record/20616?highlight=*:*
Portrait of a Man (1955),Alexander S Campbell,./record/21316?highlight=*:*
Portrait of Man at a Writing Bureau,Unknown,./record/122768?highlight=*:*
Landscape (possibly),Donald Clark,./record/21487?highlight=*:*
On Italian Balcony,Muriel Davidson,./record/53477?highlight=*:*
Anatomy Test Jeckon H,Maureen Dawson,./record/112351?highlight=*:*
Abstract in Yellow and Turquoise,Tom Sheran,./record/123113?highlight=*:*
Standing Male Nude (1952),David Michie,./record/21387?highlight=*:*
"Couplings, Escalator for sale (2017)",Tessa Lynch,./record/102736?highlight=*:*
In Edinburgh Carnival '65 (1965),Kenneth R Duffy,./record/99493?highlight=*:*
Unknown (1930s),James H Donaldson,./record/53528?highlight=*:*
1. Meccarama (1972),Anthony Benjamin,./record/21667?highlight=*:*
Fish in a Whirlpool (1953),Hans Jelinek,./record/21653?highlight=*:*
Old Pentland (1965),John Picking,./record/122742?highlight=*:*
Unknown (1960),Hugh Deans,./record/53573?highlight=*:*
Untitled (1963),Andrew Raeburn,./record/22018?highlight=*:*
Untitled (1962),Chris Holmes,./record/21770?highlight=*:*
Marshal from the West Frieze of the Parthenon (1836-1837),NA,./record/20689?highlight=*:*
Farm Building (01 MAY 1985),Allison E Sharpe,./record/21467?highlight=*:*
Unknown (1950),Valerie A. Cockburn (Gage),./record/50555?highlight=*:*
Printmaking and Print Collecting 1500-1700,Unknown,./record/21776?highlight=*:*
Untitled (1981),Colin A. Lawson,./record/99530?highlight=*:*
Framed applique (1936),Unknown,./record/102698?highlight=*:*
Seated Figure (Circa 1975),Ruth S. Stiven,./record/122905?highlight=*:*
Large Bowl (1920s),Emma Gillies,./record/53732?highlight=*:*
"Metope 2, south entablature, Parthenon (1837)",NA,./record/20641?highlight=*:*
Standing Nude Woman,Bruce W. Black,./record/122820?highlight=*:*
Standing Male Nude (1958),Sarah Shaw,./record/20818?highlight=*:*
Three Men (1963),Geoffrey J Roper,./record/21360?highlight=*:*
Unknown (1946),Marjorie McLachlan,./record/50489?highlight=*:*
Standing Male Nude (1954),Kathleen M D Mole,./record/21052?highlight=*:*
Pylons in the Landscape (01 MAY 1985),Allison E Sharpe,./record/21468?highlight=*:*
Seated Nude Woman (1957-1959),Albert Robson,./record/20813?highlight=*:*
Unknown (1949),James N. Hardie,./record/50532?highlight=*:*
Untitled - Portrait of a Girl in a Hat (05 DEC 1966),Catherine Robin,./record/99411?highlight=*:*
Portrait of a Seated Woman (1954),John P Busby,./record/21376?highlight=*:*
Seated Young Male Nude (1948),Victorine Anne Schilsky,./record/20832?highlight=*:*
Abstract,James T Carlyle,./record/21004?highlight=*:*
Unknown (Unknown),Unknown,./record/21546?highlight=*:*
Untitled (NOV 1968),Caroline Rose,./record/21843?highlight=*:*
Unknown,Valerie Samuel,./record/53535?highlight=*:*
Sea Shore (Unknown),Richard Florsheim,./record/21662?highlight=*:*
Unknown (1947),Marjorie Wallace,./record/50438?highlight=*:*
Portrait of a Woman (1951),James P W Syme,./record/21231?highlight=*:*
Views of a Male Nude (FEB 1952),Martin G C McKeown,./record/21416?highlight=*:*
Sleeping Figure,Paul Gladston,./record/21516?highlight=*:*
Standing Male Nude,A Wrever,./record/20859?highlight=*:*
Untitled,Ruth Stiven,./record/99494?highlight=*:*
Unknown,Alan J McLeod,./record/53605?highlight=*:*
Untitled (1971),G.A. C,./record/21927?highlight=*:*
Untitled (1983-1984),Lindsay Marshall,./record/21564?highlight=*:*
Finial (2018),Jack Handscombe,./record/102754?highlight=*:*
Unknown (Unknown),Unknown,./record/21867?highlight=*:*
"Figure in a Garden, Florence (1966)",William S. T. Brodie,./record/50495?highlight=*:*
Saucer,Emma Gillies,./record/53627?highlight=*:*
Portrait of a Woman (1960),Mary Shanks,./record/20947?highlight=*:*
Gem cabinet 1 (of 6) containing 43 medallions (Unknown),Unknown,./record/20615?highlight=*:*
The Potato-Sorters (1947),Allan W. Robson,./record/21742?highlight=*:*
"Painting, Sculpture and Tapestry Exhibition Poster (1989)",Unknown,./record/21848?highlight=*:*
Reclining Female Nude (19 JAN 1950),Mollie E N Langlands,./record/21019?highlight=*:*
Portrait of Grandfather (1966),John Bellany,./record/20742?highlight=*:*
Unknown,Unknown,./record/53505?highlight=*:*
Pier,Lynda Gillard,./record/21449?highlight=*:*
Five Views of a Woman Seated (Circa 1955),Peter McGinn,./record/21090?highlight=*:*
Untitled (1960),Robin E. Bownass,./record/99373?highlight=*:*
Standing Female Nude at Mirror (1962),Robert S. Crozier,./record/22663?highlight=*:*
Untitled,Roy M. W. Cameron,./record/112349?highlight=*:*
Step 1 (2013),Maria Hadam,./record/21306?highlight=*:*
Mining Town at Night,Geoffrey J Roper,./record/122765?highlight=*:*
Blackwork' sampler. Miss Waddel,Miss Waddell,./record/102670?highlight=*:*
Untitled (2005),Claire Lindsay,./record/99868?highlight=*:*
Untitled (Unknown),Unknown,./record/21946?highlight=*:*
Portrait of a Woman,Sarah Shaw,./record/20938?highlight=*:*
Steady Hands (2016),Inês-Hermione Mulford,./record/99236?highlight=*:*
Untitled (2002),Hannah Mulder,./record/99942?highlight=*:*
Portrait of a Woman (1948),Thomas Kim Redpath,./record/20800?highlight=*:*
Seated Female Nude (Circa 1959),Kenneth Dingwall,./record/122753?highlight=*:*
Untitled (Unknown),Unknown,./record/21925?highlight=*:*
The Berwick Law (Feb 1983),Wendy McMurdo,./record/21811?highlight=*:*
Unknown (1947-1948),Marjorie Wallace,./record/50439?highlight=*:*
Dog (1966),James Fairgrieve,./record/21345?highlight=*:*
Untitled - Abstracted Shapes in Greys and Greens (1963),Gordon Bryce,./record/99277?highlight=*:*
Machine embroidered stole (1958),Unknown,./record/102685?highlight=*:*
Untitled (Unknown),Isobel Jack,./record/21624?highlight=*:*
Unknown (1947),Sheila Turnbull,./record/50455?highlight=*:*
Untitled - Hogs in a Butcher Shop (1984),Heidi J P Kosaniuk,./record/99435?highlight=*:*
Head of Niccolo da Uzzano (Unknown),Unknown,./record/20606?highlight=*:*
Untitled - Scene with Figures Relaxing in the Sun (1961-1962),Ann F Ward,./record/99352?highlight=*:*
Vase (1920s),Emma Gillies,./record/122135?highlight=*:*
Portrait of a Young Man (Circa 1950),John D Cowan,./record/21336?highlight=*:*
Two Figures in a Landscape,Unknown,./record/21484?highlight=*:*
Unknown (1964),Alice Howell (née Bold),./record/53579?highlight=*:*
Seated Female Nude (1969),Leslie C. McConnell,./record/123337?highlight=*:*
Vision in Time III (2006),Wilhelmina Barns-Graham CBE HRSA HRSW,./record/54752?highlight=*:*
Needle lace mat,Unknown,./record/102712?highlight=*:*
Obstacle - Exploded Drawing (2014),Charles Myatt,./record/47456?highlight=*:*
Untitled (Unknown),Victoria C F Bernie,./record/21787?highlight=*:*
Unknown,Robert Euman,./record/53544?highlight=*:*
City Beyond (NOV 1962),John Picking,./record/111038?highlight=*:*
The Children's Hour (1974-1976),"Eduardo Luigi Paolozzi KBE, RA",./record/21699?highlight=*:*
Composition with Two Women (Circa 1972),Jacqueline Burnett (nee Watt),./record/122843?highlight=*:*
Untitled (2006),Sarah Ryan,./record/99871?highlight=*:*
Lilian Willey collar (1950),Lilian Willey,./record/102707?highlight=*:*
Seascape from a Boat (1952),Alistair M Park,./record/21349?highlight=*:*
Untitled (1987),Marissa Grassie,./record/21941?highlight=*:*
Untitled (1987),Unknown,./record/21814?highlight=*:*
Unknown (1974),Carolyn Wall,./record/21948?highlight=*:*
Standing Male Nude (Circa 1938),M E James,./record/21028?highlight=*:*
Portrait of a Young Man (1960),Thora Clyne,./record/20985?highlight=*:*
Unknown,Elizabeth Blackadder,./record/50637?highlight=*:*
Seated Male Nude with Glasses (1958),Elizabeth Meldrum,./record/21159?highlight=*:*
Cantoria (left panel),Unknown,./record/20578?highlight=*:*
Cast Study of Lorenzo de' Medici Bust,Kenneth Dingwall,./record/50629?highlight=*:*
"Unknown, abstract (2004)",Amy Marshall,./record/99487?highlight=*:*
Edinburgh College of Art War Memorial (1922),"Charles d'Orville Pilkington-Jackson ARSA, FRBS, FRSA",./record/99985?highlight=*:*
Unknown,Helen Gibbs,./record/50387?highlight=*:*
Architectural Drawing,Graeme McKenna,./record/21459?highlight=*:*
Unknown (1946),Margaret C. Ogilvy,./record/50493?highlight=*:*
Inscription Panel from Trajan's Column (Left side),Unknown,./record/20536?highlight=*:*
Untitled (1968),Doreen Turner,./record/22013?highlight=*:*
Portrait Bust (Antique),Unknown,./record/20562?highlight=*:*
Studio Interior (1986),Hilary A. Fisher,./record/21663?highlight=*:*
Unknown,Dorothy H. N. Forrest,./record/53495?highlight=*:*
Espresso Cup (1920s),Emma Gillies,./record/53696?highlight=*:*
Two Girls by the Harbour (2006),John Bellany,./record/21531?highlight=*:*
Untitled (Unknown),T. Watson,./record/21799?highlight=*:*
Portrait of a Woman (1958),Elizabeth Meldrum,./record/21157?highlight=*:*
Kneeling Male Nude (1953),Adam M Martin,./record/21058?highlight=*:*
Still Life (Circa 1970),Patrick J. Hickey,./record/22606?highlight=*:*
Untitled (Unknown),Unknown,./record/21808?highlight=*:*
Untitled - Sitting Woman with a Fringe (Apr 1963),William Gillon,./record/99479?highlight=*:*
Riders from South Frieze of the Parthenon (1836-1837),Joseph Cavagnari,./record/20717?highlight=*:*
Gem cabinet 4 (of 6) containing 43 medallions (Unknown),Unknown,./record/20618?highlight=*:*
Stag,Emma Gillies,./record/53753?highlight=*:*
Smugglerius (1854),William Pink,./record/20600?highlight=*:*
Seated Nude Woman (1958),George A. MacPherson,./record/22647?highlight=*:*
Black Bodice (1996),Anna Millar,./record/22612?highlight=*:*
Kneeling Nude Male (1961),Catherine Beanchop/ Banchop,./record/21279?highlight=*:*
Portrait of a Woman (1957),Colin Turner,./record/21143?highlight=*:*
Riders: Parthenon Frieze (1836-1837),NA,./record/20707?highlight=*:*
Mexican needleweaving birds and geometric pattern (1951),Unknown,./record/102692?highlight=*:*
Nanduti lace collar,Unknown,./record/102694?highlight=*:*
Untitled (1982),Unknown,./record/21817?highlight=*:*
Untitled (1962),Cant,./record/22497?highlight=*:*
Chariot from North Frieze of the Parthenon (1836-1837),NA,./record/20715?highlight=*:*
Untitled (1986),Margot Thomson,./record/21590?highlight=*:*
Portrait of a Woman in a Hat (Head and Shoulders) (1950),Edward Stratton,./record/20826?highlight=*:*
Drawing of a Woman (1958),E McCallum,./record/20960?highlight=*:*
Reclining Male Nude (1958),David Rifat,./record/20875?highlight=*:*
Emerging (1987),Paul Fernaux,./record/122821?highlight=*:*
Untitled (1962),Leslie Johns,./record/21762?highlight=*:*
Small Cheeseplant,Susan Alexander,./record/50403?highlight=*:*
Whitework on indian muslin (1800-1849),Unknown,./record/102705?highlight=*:*
Unknown (1963),Lesley M. Johns,./record/50435?highlight=*:*
Riders from the North Frieze of the Parthenon (1836-1837),NA,./record/20702?highlight=*:*
Portrait of a Woman (1952),Martin G C McKeown,./record/21415?highlight=*:*
Untitled,Jock Nicol,./record/111035?highlight=*:*
Study for picture 'Waking of Brynhildr' (1897),Pavlov Chailly,./record/50474?highlight=*:*
Untitled (2007),Kerri Stean,./record/99978?highlight=*:*
Harbour Scene (1955),Myra E. Soni,./record/22736?highlight=*:*
Unknown (1967),Gwen Mackenzie,./record/50496?highlight=*:*
Crowd in Glasgow (1963),Geoffrey J Roper,./record/21359?highlight=*:*
Seated Female Nude with Striped Floor Drape,Unknown,./record/122796?highlight=*:*
Untitled (24 Oct 1962),Peter Pretsell,./record/99792?highlight=*:*
Vase (1920s),Emma Gillies,./record/122131?highlight=*:*
Untitled (1962),Underwood,./record/21759?highlight=*:*
Man on Crutches in Street (Circa 1950),Alexander Cree,./record/122860?highlight=*:*
Untitled (1962),John Fraser,./record/99818?highlight=*:*
Untitled (1947),Maria Garbolewska,./record/21769?highlight=*:*
Drawing of a Seated Woman (1960),William Smith,./record/20987?highlight=*:*
Untitled (1962),John Picking,./record/111040?highlight=*:*
The World from Space (1998),John Brown,./record/21864?highlight=*:*
Unknown,Unknown,./record/50397?highlight=*:*
Unknown (1952),Rosemary Bagshaw,./record/53519?highlight=*:*
Portrait of a Woman,Jane V Hyslop,./record/21529?highlight=*:*
Coastal Village with Church,Unknown,./record/22733?highlight=*:*
Unknown (1949),Alison E. H. Stuart,./record/50482?highlight=*:*
Portrait of a Man in a Suit (1958),Ian Hodkinson,./record/20881?highlight=*:*
Untitled (Unknown),Glen M. K. Onwin,./record/21822?highlight=*:*
Replica cast (brown) of Parthenon slab GE31,Unknown,./record/20656?highlight=*:*
Untitled (1988),Jodie Pear,./record/21552?highlight=*:*
Unknown (1952),Rosemary Bagshaw,./record/53514?highlight=*:*
Untitled (2003),Carolyn Muskat,./record/99955?highlight=*:*
Unknown (1952),Leonard I. H. Gray,./record/53487?highlight=*:*
Side Plate,Emma Gillies,./record/53618?highlight=*:*
Abstract,V. Constant,./record/111443?highlight=*:*
Unknown (1949),Alexander Cree,./record/50543?highlight=*:*
Architectural Frieze with Lion's Head,Unknown,./record/20535?highlight=*:*
Unknown (1950),Edward A. Gage,./record/50631?highlight=*:*
Mask and Plastic Limbs (Circa 1982),Graeme Magee,./record/22533?highlight=*:*
Unknown (1958),Andrew P. W. Conkie,./record/50526?highlight=*:*
Chinese damask robe (19th Century),Unknown,./record/100005?highlight=*:*
Portrait of a Seated Woman (1965-1966),George Donald,./record/21172?highlight=*:*
Multiple Views of Female Nude (1949),Douglas Gordon,./record/21102?highlight=*:*
Untitled (1989),Joanne Leonie Milne,./record/21971?highlight=*:*
Unknown,Alexander Cree,./record/50548?highlight=*:*
Standing Male Nude (1957),Alejandro B. Braso,./record/21247?highlight=*:*
Bowl (1920s),Emma Gillies,./record/122129?highlight=*:*
Untitled - Figure Drawing of a Man on a Stool (1964),Gordon Bryce,./record/99326?highlight=*:*
"Sweden - Fishing for Str⁯ömming, Furusund (1962)",Ann F Ward,./record/99338?highlight=*:*
Untitled - Portrait of a Woman with Short Hair (1961),Gavin Waddell,./record/99454?highlight=*:*
Untitled,Unknown,./record/102725?highlight=*:*
Unknown (1952),Rosemary Bagshaw,./record/53520?highlight=*:*
Teacup,Emma Gillies,./record/53651?highlight=*:*
Untitled (1962),James Goodall,./record/99848?highlight=*:*
Teacup,Emma Gillies,./record/53646?highlight=*:*
Two Standing Nudes in a Landscape (1951),James P W Syme,./record/20835?highlight=*:*
Modulated Joy #1 (2016),Ed Compson,./record/99267?highlight=*:*
Chimney (1986),Charles P. Stiven,./record/122777?highlight=*:*
Unknown (1960),Hugh Deans,./record/53572?highlight=*:*
Black Sitka (1961),William Johnstone,./record/499?highlight=*:*
Untitled (1963),Madelene R Galloway,./record/99822?highlight=*:*
Untitled (1970s),Charlotte H.M. Bryce,./record/21833?highlight=*:*
Harbour scene,Derek Maguire,./record/102744?highlight=*:*
Two Circus Acts in One (1958),Seong Moy,./record/21704?highlight=*:*
Untitled (1967),Alistair Bell,./record/99379?highlight=*:*
Self Portrait,Ursula Giles,./record/22728?highlight=*:*
Seated Female Nude (1949),Leszek Muszynski,./record/21075?highlight=*:*
Untitled (1983),Robert Rivers,./record/99806?highlight=*:*
Untitled (Unknown),Unknown,./record/21851?highlight=*:*
Unknown,Jeffery Camp,./record/50565?highlight=*:*
Untitled (1946),Vivian Chapman,./record/21736?highlight=*:*
Table-Top Still Life with Oranges (Circa 1963),Roger W. Cameron,./record/122841?highlight=*:*
Untitled (2006),Elizabeth Shepherd,./record/99875?highlight=*:*
Man with Two Birds (1947),Perpetua Pope,./record/122736?highlight=*:*
Tomb,Susan Robson,./record/22534?highlight=*:*
Baroque Nude (1959),Alan Alexander,./record/21092?highlight=*:*
Portrait of a Woman (19 JAN 1953),Mary C. A. Edmond,./record/21197?highlight=*:*
Untitled (Unknown),Unknown,./record/21861?highlight=*:*
Plate (1920s),Emma Gillies,./record/53713?highlight=*:*
Untitled (Unknown),Unknown,./record/21992?highlight=*:*
Serving Plate,Emma Gillies,./record/53620?highlight=*:*
Standing Female Nude (1967),Sylvia M. R. Cameron,./record/22701?highlight=*:*
Stairs,Scott Lawrie,./record/21515?highlight=*:*
Shimmurmur (2006),James Bellinger,./record/99887?highlight=*:*
Plate (1920s),Emma Gillies,./record/53709?highlight=*:*
Portrait of Graham Sulivan (1955),Ursula Giles,./record/22704?highlight=*:*
Disconnected Still Life (1968),Carol A. Sebula,./record/122751?highlight=*:*
Untitled (Unknown),Matt Gamber,./record/99913?highlight=*:*
Chair seat (1700?-1850?),Unknown,./record/100007?highlight=*:*
The Battle (2013),Marissa Stoffer,./record/47445?highlight=*:*
Self Portrait (1965),John Bellany,./record/20740?highlight=*:*
9 European Cafes: no 5: La Couple (Circa 1977),Timothy Morrison,./record/22618?highlight=*:*
Untitled (1967),Laurence Roche,./record/22480?highlight=*:*
Still Life Fish (1953),Ian J. D. Short,./record/22681?highlight=*:*
Untitled - Figure Drawing of A Man with Crossed Arms (1968),Alfons B. Jasinski,./record/99273?highlight=*:*
Processions Banner (2018),Lindy Richardson,./record/102750?highlight=*:*
Study for picture 'Waking of Brynhildr' (1897),Pavlov Chailly,./record/50471?highlight=*:*
Nude Woman Sitting (1952),Ian Lawson,./record/122700?highlight=*:*
Seated Male Nude (1958),Elizabeth Meldrum,./record/21158?highlight=*:*
Unknown (1946),Allan Lefley,./record/50486?highlight=*:*
Riders from South Frieze of the Parthenon (1836-1837),NA,./record/20725?highlight=*:*
Unknown (1952),Rosemary Bagshaw,./record/53513?highlight=*:*
Summer 1954 (1954),Peter McGinn,./record/22581?highlight=*:*
Plate (1920s),Emma Gillies,./record/53672?highlight=*:*
Portrait of a Woman's Head (1949),Thomas Kim Redpath,./record/20781?highlight=*:*
Untitled (1966),Molly Harris,./record/99835?highlight=*:*
Standing Male Nude (1959),Bruce Clapperton,./record/20911?highlight=*:*
Portrait of a Woman (1953),Llewella C. Brayne,./record/21199?highlight=*:*
Still Life (1961),Ann F Ward,./record/122913?highlight=*:*
Landscape Study with Buildings and Trees (1955),Margaret Proudfoot,./record/21032?highlight=*:*
Untitled (1946),Eileen Bennett,./record/21732?highlight=*:*
Unknown,Unknown,./record/53508?highlight=*:*
Untitled (2007),Gordon Brennan,./record/99976?highlight=*:*
Untitled (Unknown),Alice Crombie,./record/21712?highlight=*:*
Unknown (1943),W C G Thomson,./record/50451?highlight=*:*
Pekin knot sample,Unknown,./record/102730?highlight=*:*
Unknown (Circa 1890),Unknown,./record/50467?highlight=*:*
Two Seated Female Nudes (31 MAY 1951),Fiona M Mouat,./record/21196?highlight=*:*
Red Faced (2014),Daniel Hughes,./record/47440?highlight=*:*
Beach Townscape (1976),Martin Churchill,./record/122856?highlight=*:*
Seated Female Nude (1962),Geoffrey J Roper,./record/99367?highlight=*:*
Tantallon,Gwyneth M. Leech,./record/21802?highlight=*:*
Embroidered panel,Winsome Douglass,./record/113834?highlight=*:*
Still Life (1949),Marion M Cooper,./record/122966?highlight=*:*
Portrait of a Man (1966),James Fairgrieve,./record/21396?highlight=*:*
Seated Female Nude on Painted Wooden Chair (1967),Isobel T Johnstone,./record/122695?highlight=*:*
Untitled (1965),Frances Sander,./record/99527?highlight=*:*
Reclining Male Nude (1952),John Houston,./record/21353?highlight=*:*
Still Life with Apples,John P Busby,./record/123107?highlight=*:*
Grumpy Hansel (1:2) (Unknown),Unknown,./record/21823?highlight=*:*
Goat (1920s),Emma Gillies,./record/53754?highlight=*:*
St Pauls at Night (1950),Alexander Cree,./record/50546?highlight=*:*
Orange and Lemon Playing Games I (1999),CBE HRSA HRSW Wilhelmina Barns-Graham,./record/54751?highlight=*:*
Seated Female Nude (1954),Elizabeth Blackadder,./record/21409?highlight=*:*
Composition with Red Sprouting Beans (Circa 1975),Andrew J. Neil,./record/22643?highlight=*:*
Portrait of a Young Man (1950),Joseph Maxwell,./record/21061?highlight=*:*
Untitled (1948),Allan W. Robson,./record/21744?highlight=*:*
Woman in Floral Dress (Circa 1955),Eric Ritchie,./record/21395?highlight=*:*
Abstract Landscape with Orange and Black (1965-1966),Laura McPherson,./record/99392?highlight=*:*
Seated Man Playing a Stringed Instrument (1952),Douglas Kerr,./record/21040?highlight=*:*
Unknown,Ruari MacLeod,./record/50437?highlight=*:*
Still Life with Bottles and Bowls (1952),Mollie E N Langlands,./record/22720?highlight=*:*
Untitled (1983),Robert Rivers,./record/99808?highlight=*:*
Archway,Louise Allardyce,./record/21524?highlight=*:*
Woman with Glass of Wine,Zygmunt Bukowski,./record/112513?highlight=*:*
Opuntia Alburdina (America) (1993-1994),Jane Watt,./record/99460?highlight=*:*
Untitled (1990),Robert Euman,./record/122846?highlight=*:*
"Corbel from Trinity College Church, Edinburgh",Unknown,./record/20557?highlight=*:*
Untitled (1989),Joanne Leonie Milne,./record/21909?highlight=*:*
Untitled (1966),Helen G. S Forde,./record/99816?highlight=*:*
Firenze Winter (1958),Beatrice Patricia Grimshaw,./record/53478?highlight=*:*
Quick Sketch (1950),Patrick W. Barclay,./record/50619?highlight=*:*
View of a Street and Market in Assisi (1948),Marjorie Wallace,./record/20853?highlight=*:*
Unknown,Maureen Baird,./record/50622?highlight=*:*
IV,Jane R. Nicoll,./record/122739?highlight=*:*
Untitled (Unknown),R. Sander,./record/21607?highlight=*:*
Untitled (Pink) (2014),Phoebe Mitchell,./record/53777?highlight=*:*
Untitled - Figured Drawing of Nude Woman on a Couch (1963),Gordon Bryce,./record/99329?highlight=*:*
Reclining Female Nude (Verso: Back of Standing Male in Costume) (22 MAR 1951),Diana M. Douglas-Hamilton,./record/53527?highlight=*:*
Unknown (1960),Hugh Deans,./record/53530?highlight=*:*
Girl (Unknown),Bosko Karanovic,./record/21648?highlight=*:*
Memorabilia (Unknown),James Cumming,./record/21651?highlight=*:*
Standing Male Nude (1958),David Rifat,./record/20874?highlight=*:*
Reclining Female Nude (1957),Peter Coyle,./record/20968?highlight=*:*
Untitled (1983-1984),Lindsay Marshall,./record/21563?highlight=*:*
Seated Male Nude (1959),W Bryden,./record/21108?highlight=*:*
Roko I Cicibela (1983),Boris Bućan,./record/22042?highlight=*:*
Unknown,Alan Chisholm,./record/50405?highlight=*:*
Unknown (1950-1951),Valerie A. Cockburn (Gage),./record/50556?highlight=*:*
Indian Still Life,Christine Ironside,./record/122903?highlight=*:*
Untitled (Unknown),Unknown,./record/99957?highlight=*:*
Multiple Portraits of a Woman (Circa 1964),John Bellany,./record/20780?highlight=*:*
Whelks (1951),Harold Horsburgh,./record/22591?highlight=*:*
Reclining and Seated Female Nudes (1994),Christopher Waite,./record/20747?highlight=*:*
Untitled (12 JUN 2014),John Nelson,./record/22481?highlight=*:*
Untitled - Portrait of Woman in Hat (1964),Eleanor Maiden,./record/99361?highlight=*:*
Tijardovié (1983),Boris Bućan,./record/22039?highlight=*:*
Angel with Candelabrum (facing right),Unknown,./record/20542?highlight=*:*
Still Life with Onions,Rose A. K. Forsyth,./record/122825?highlight=*:*
Unknown (1966),John Nelson,./record/53580?highlight=*:*
Isabella of Aragon (white) (Post 1912),Unknown,./record/123566?highlight=*:*
Untitled (Standing Figures),Paul J Donaldson,./record/21447?highlight=*:*
Untitled (Unknown),Anna Bjorkman,./record/99963?highlight=*:*
Untitled,Fiona Duncan,./record/112344?highlight=*:*
Sicily Landscape (1958),Beatrice Patricia Grimshaw,./record/53479?highlight=*:*
Wisdom of God (Unknown),Robert Rivers,./record/21815?highlight=*:*
Teacup,Emma Gillies,./record/53655?highlight=*:*
Riders from West Frieze of the Parthenon (1836-1837),NA,./record/20666?highlight=*:*
Unknown (1960),Hugh Deans,./record/53531?highlight=*:*
Standing Nude (1960),John Johnstone,./record/21358?highlight=*:*
Untitled (1986-1987),Paddy Beveridge,./record/21637?highlight=*:*
"Circus People in Restaurant, Ravenna (1957)",Peter McGinn,./record/21116?highlight=*:*
Benin Head (1964),Vincent Butler,./record/99224?highlight=*:*
Harbour Scene (1987-1988),Jane V Hyslop,./record/21486?highlight=*:*
Passage with Stacks and Artificial Light (1981),Colin A. Lawson,./record/22554?highlight=*:*
Landscape (Circa 1966),James H. Fairgrieve,./record/122851?highlight=*:*
Portrait of Woman with Hat (1974),Alan T. Johnston,./record/122704?highlight=*:*
Seated Female Nude (1959),George H McIntosh,./record/21063?highlight=*:*
Untitled - 1/2 hr Life Drawing of Man in a Blue Costume (1963),Isobel T Johnstone,./record/99248?highlight=*:*
Unknown (1965),Frances Sander,./record/53595?highlight=*:*
Opuntia Vulgaris Miller (1993-1994),Jane Watt,./record/99456?highlight=*:*
Untitled (1983),Robert Rivers,./record/99800?highlight=*:*
Vojna Tajna (Unknown),Boris Bućan,./record/22029?highlight=*:*
Aeschylus and Socrates (1975),"Eduardo Luigi Paolozzi KBE, RA",./record/21700?highlight=*:*
Untitled (16 Jan 1979),James M. Fraser,./record/21644?highlight=*:*
Portrait of a Man (1959),Kenneth Dingwall,./record/21331?highlight=*:*
Drawing of a Young Woman (12 NOV 1959),Sheila Percival,./record/20990?highlight=*:*
Untitled (1962),Chris Holmes,./record/21771?highlight=*:*
Positano (FEB 1948),Marjorie Wallace,./record/50446?highlight=*:*
Foot Study (Unknown),Unknown,./record/123536?highlight=*:*
Tree-lined Lane,Garry Marshall,./record/21431?highlight=*:*
Untitled (Unknown),Kerys Ellery,./record/21615?highlight=*:*
Untitled (1983),Robert Rivers,./record/99811?highlight=*:*
Unknown (1947),Sheila Turnbull,./record/50454?highlight=*:*
Untitled (NOV 1988),Joanne Leonie Milne,./record/21936?highlight=*:*
Unknown (1957),Joan F. Biggins,./record/50612?highlight=*:*
Unknown,Robert Hamilton Dalrymple,./record/53532?highlight=*:*
Espresso Saucer (1920s),Emma Gillies,./record/53678?highlight=*:*
Country Pleasure (1950),Zygmunt Bukowski,./record/122879?highlight=*:*
Orkney Totem (1980),Reinhard Behrens,./record/21690?highlight=*:*
Untitled - Man in Glasses Reading (1985),Sophie J Brown,./record/99424?highlight=*:*
Untitled (1997),Sena K.,./record/21923?highlight=*:*
Standing Male Nude (1953),Allan Sutherland,./record/20979?highlight=*:*
Self Portrait (1949),Margaret Moodie,./record/50491?highlight=*:*
Untitled (Unknown),Victoria Bimie,./record/21962?highlight=*:*
Untitled (Unknown),Unknown,./record/21821?highlight=*:*
Unknown (1950),Jacquetta Burn-Callander,./record/50574?highlight=*:*
Set of NDS slides,Unknown,./record/102675?highlight=*:*
Standing Female Nude (1954),Nita Newman,./record/21254?highlight=*:*
Standing Female Nude,George A. MacPherson,./record/122733?highlight=*:*
Legless Graham (Unknown),Jennifer Blake,./record/21996?highlight=*:*
"Armorial panel from right tower of Mar's Wark, Stirling (1893)",Unknown,./record/20554?highlight=*:*
The King and I (2017),Daniel Cook,./record/100021?highlight=*:*
Untitled (Unknown),Unknown,./record/21891?highlight=*:*
Unknown,Alexander S Campbell,./record/50632?highlight=*:*
Autaina/Aartaina (1993),Tulf Guanay,./record/21959?highlight=*:*
Untitled (1966),Maureen Dawson,./record/99844?highlight=*:*
Plate (1920s),Emma Gillies,./record/53671?highlight=*:*
Unknown (24 MAY 1962),John Picking,./record/50551?highlight=*:*
Portrait of Molly Langlands (1952),Alistair Fairweather,./record/22668?highlight=*:*
Untitled - Portrait of a Woman and Child (Feb 1962),William Gillon,./record/99481?highlight=*:*
Portrait of Woman with Raised Hands (Self Portrait ?) (Circa 1986),Nancy Henderson,./record/122690?highlight=*:*
Seated Figure with Gun,Gregg Magee,./record/21448?highlight=*:*
Landscape Drawing ('CalMohr') (1963),John Bellany,./record/20764?highlight=*:*
Unititled,Ian Johnstone,./record/112498?highlight=*:*
Untitled (Unknown),Joanna [Coffin?],./record/21940?highlight=*:*
Lily 99 - VI (1999),Nabuko Hamano,./record/122872?highlight=*:*
Lid (1920s),Emma Gillies,./record/122074?highlight=*:*
Fragment of foliated frieze (mediaeval),Unknown,./record/20558?highlight=*:*
Landscape (Circa 1953),Trevor Stubley,./record/21413?highlight=*:*
Espresso Saucer (1920s),Emma Gillies,./record/53685?highlight=*:*
Portrait of a Woman (1939),Betty M. Ferguson,./record/21130?highlight=*:*
Untitled (1962),W. Douglas,./record/21765?highlight=*:*
Smocking diagrams and samples,Unknown,./record/102667?highlight=*:*
Lamb (1920s),Emma Gillies,./record/122124?highlight=*:*
Untitled (1967),June Hanlon,./record/22019?highlight=*:*
Untitled (Unknown),Robert Henderson Blyth,./record/21689?highlight=*:*
Portrait of a Woman (1962),Hope,./record/21281?highlight=*:*
Interior and Window (1971),Karol Prentice,./record/21364?highlight=*:*
Unknown (1960),Jean I. Beattie,./record/50615?highlight=*:*
Kneeling Female Nude (1959),Jean I. Beattie,./record/20924?highlight=*:*
Untitled - Bikes in a Garage (1984),Heidi J P Kosaniuk,./record/99437?highlight=*:*
Standing Male Nude (Circa 1939),Alistair W McCheyne,./record/21085?highlight=*:*
Standing Female Nude (1954),Elizabeth Blackadder,./record/21406?highlight=*:*
Man with Woman Smoking (1964),Kirkland Main,./record/22549?highlight=*:*
Performing Labour in an Industrial Setting I (2020),Aisling Ward,./record/113775?highlight=*:*
A Picture of a Small Dog Going on a Long Journey (Unknown),Margaret Clyde,./record/21884?highlight=*:*
Espresso Cup (1920s),Emma Gillies,./record/53702?highlight=*:*
Abstract Still Life with Jug and Fruit Bowl (1959),Denness Morton,./record/21080?highlight=*:*
Female Nude (1952),David Michie,./record/21388?highlight=*:*
Portrait of a Bearded Man (1960),Marjory Dickson,./record/20992?highlight=*:*
Untitled (1961),Vivien Alexander,./record/99385?highlight=*:*
Mexican needleweaving birds and hearts (1951),Unknown,./record/102693?highlight=*:*
Untitled - Portrait of a Female with Fringe (1963-1964),Irene G. Thomson,./record/99420?highlight=*:*
Portrait of a Man (Circa 1963),Ruth M. L. Walker,./record/122756?highlight=*:*
Portrait of a Young Woman (1958),Ian Hodkinson,./record/20879?highlight=*:*
Unknown (1949),Thomas Clapperton,./record/50560?highlight=*:*
Stag (20th Century),Emma Gillies,./record/53748?highlight=*:*
Untitled,Peter Pretsell,./record/99794?highlight=*:*
Untitled (1962),Roselyn M. Underwood,./record/22502?highlight=*:*
Unknown (1957),Peter Coyle,./record/50511?highlight=*:*
Untitled (Unknown),George Glen,./record/21726?highlight=*:*
"Still Life with Pots, Basket and White Flowers (1959)",W Campbell,./record/122865?highlight=*:*
Portrait of a Woman in a Jumper (1959),W Bryden,./record/21106?highlight=*:*
Cola Bottle (1920s),Emma Gillies,./record/53735?highlight=*:*
Elders from South Frieze of the Parthenon (1836-1837),NA,./record/20680?highlight=*:*
Plate,Emma Gillies,./record/53717?highlight=*:*
Saucer,Emma Gillies,./record/53631?highlight=*:*
Untitled (2006),Julia Rous,./record/99864?highlight=*:*
